,시간,시가,고가,저가,종가,전일대비,거래량,거래대금,누적체결매도수량,상장주식수,시가총액,외국인주문한도수량,외국인주문가능수량,외국인현보유수량,외국인현보유비율,수정주가일자,수정주가비율,기관순매수량,기관누적순매수량,등락주선,등락비율,예탁금,주식회전율,거래성립률
20221101,0,82700,83900,81400,83900,1200,3820185,316974000000,1613467,728002000,61079367000000,72800236,35854043,369461933,50.75,20221101,100.0,56046,-30105835,0,0.0,0,0.0,0.0
20221031,0,84300,85400,82400,82700,-700,6271574,524947000000,2953047,728002000,60205765000000,72800236,35861725,369385107,50.7400016784668,20221031,100.0,-35157,-30161881,0,0.0,0,0.0,0.0
20221028,0,87100,87800,83000,83400,-6600,7748514,658734000000,4672355,728002000,60715366000000,72800236,35794810,370054256,50.83000183105469,20221028,100.0,-757459,-30126724,0,0.0,0,0.0,0.0
20221027,0,95100,95100,89800,90000,-3900,4550273,417479000000,2546963,728002000,65520180000000,72800236,35619597,371806393,51.06999969482422,20221027,100.0,-744769,-29369265,0,0.0,0,0.0,0.0
20221026,0,93300,95500,93200,93900,400,3310322,313156000000,1381469,728002000,68359387000000,72800236,35583884,372163525,51.119998931884766,20221026,100.0,-240360,-28624496,0,0.0,0,0.0,0.0
20221025,0,91900,94800,91000,93500,1700,2656194,248751000000,951917,728002000,68068187000000,72800236,35676955,371232811,50.9900016784668,20221025,100.0,256852,-28384136,0,0.0,0,0.0,0.0
20221024,0,92200,93100,91200,91800,1300,2165991,199716000000,1025855,728002000,66830583000000,72800236,35695167,371050694,50.970001220703125,20221024,100.0,439806,-28640988,0,0.0,0,0.0,0.0
20221021,0,89800,91400,89700,90500,300,2206754,200306000000,930665,728002000,65884181000000,72800236,35670167,371300689,51.0,20221021,100.0,77831,-29080794,0,0.0,0,0.0,0.0
20221020,0,91000,91800,89000,90200,-2700,4547678,409444000000,2071175,728002000,65665780000000,72800236,35686041,371141949,50.97999954223633,20221020,100.0,-40274,-29158625,0,0.0,0,0.0,0.0
20221019,0,94700,94900,92700,92900,-2900,3684934,344616000000,2056581,728002000,67631385000000,72800236,35651211,371490251,51.029998779296875,20221019,100.0,-992715,-29118351,0,0.0,0,0.0,0.0
20221018,0,95900,96200,94600,95800,600,2618680,249330000000,1263672,728002000,69742591000000,72800236,35688724,371115121,50.97999954223633,20221018,100.0,-192119,-28125636,0,0.0,0,0.0,0.0
20221017,0,94600,95300,94000,95200,-300,2134558,202198000000,852957,728002000,69305790000000,72800236,35733153,370670829,50.91999816894531,20221017,100.0,-299843,-27933517,0,0.0,0,0.0,0.0
20221014,0,96000,96600,94300,95500,600,3516437,334829000000,1527213,728002000,69524191000000,72800236,35788730,370115060,50.84000015258789,20221014,100.0,-302175,-27633674,0,0.0,0,0.0,0.0
20221013,0,93400,94900,92800,94900,900,4390570,413620000000,1679379,728002000,69087389000000,72800236,35872724,369275118,50.720001220703125,20221013,100.0,78368,-27331499,0,0.0,0,0.0,0.0
20221012,0,91000,94000,90900,94000,3800,4648231,430456000000,1679479,728002000,68432188000000,72800236,35948179,368520567,50.619998931884766,20221012,100.0,-283607,-27409867,0,0.0,0,0.0,0.0
20221011,0,89700,91200,88000,90200,-1000,3840842,344912000000,1529497,728002000,65665780000000,72800236,36034797,367654391,50.5,20221011,100.0,-613160,-27126260,0,0.0,0,0.0,0.0
20221007,0,89600,91800,87800,91200,1300,3100583,280262000000,908553,728002000,66393782000000,72800236,36126954,366732818,50.380001068115234,20221007,100.0,-36395,-26513100,0,0.0,0,0.0,0.0
20221006,0,90900,92000,89800,89900,100,3039698,275695000000,1235302,728002000,65447379000000,72800236,36226883,365733531,50.2400016784668,20221006,100.0,-377448,-26476705,0,0.0,0,0.0,0.0
20221005,0,90000,90400,88100,89800,3600,5927256,529350000000,2198959,728002000,65374579000000,72800236,36298723,365015133,50.13999938964844,20221005,100.0,-784419,-26099257,0,0.0,0,0.0,0.0
20221004,0,85200,87200,85200,86200,3100,4277404,369026000000,1521350,728002000,62753772000000,72800236,36531844,362683924,49.81999969482422,20221004,100.0,232619,-25314838,0,0.0,0,0.0,0.0
20220930,0,80900,83900,80400,83100,2300,4711130,389467000000,1832500,728002000,60496966000000,72800236,36560917,362393192,49.779998779296875,20220930,100.0,438316,-25547457,0,0.0,0,0.0,0.0
20220929,0,82500,82900,80500,80800,-400,2064798,168860000000,893105,728002000,58822561000000,72800236,36580373,362198634,49.75,20220929,100.0,-24809,-25985773,0,0.0,0,0.0,0.0
20220928,0,81900,83500,80500,81200,-800,3068181,250760000000,1273684,728002000,59113762000000,72800236,36616105,361841312,49.70000076293945,20220928,100.0,5179,-25960964,0,0.0,0,0.0,0.0
20220927,0,82200,82700,80700,82000,-500,2606333,212482000000,976919,728002000,59696164000000,72800236,36595389,362048474,49.72999954223633,20220927,100.0,298945,-25966143,0,0.0,0,0.0,0.0
20220926,0,81500,83200,81500,82500,-1000,3281145,270406000000,1254095,728002000,60060165000000,72800236,36529742,362704938,49.81999969482422,20220926,100.0,530843,-26265088,0,0.0,0,0.0,0.0
20220923,0,85500,86600,83300,83500,-2500,3932242,331083000000,1984051,728002000,60788167000000,72800236,36524177,362760586,49.83000183105469,20220923,100.0,130942,-26795931,0,0.0,0,0.0,0.0
20220922,0,86300,86900,85900,86000,-2000,2204430,190097000000,1120549,728002000,62608172000000,72800236,36429561,363706751,49.959999084472656,20220922,100.0,-276434,-26926873,0,0.0,0,0.0,0.0
20220921,0,87500,88500,86300,88000,0,2954420,258368000000,1247658,728002000,64064176000000,72800236,36390511,364097251,50.0099983215332,20220921,100.0,65624,-26650439,0,0.0,0,0.0,0.0
20220920,0,89000,90600,87500,88000,-2000,4259789,377081000000,2049542,728002000,64064176000000,72800236,36352489,364477475,50.06999969482422,20220920,100.0,108544,-26716063,0,0.0,0,0.0,0.0
20220919,0,90800,91500,90000,90000,-1200,2078633,187934000000,843049,728002000,65520180000000,72800236,36174449,366257875,50.310001373291016,20220919,100.0,5900,-26824607,0,0.0,0,0.0,0.0
20220916,0,90900,91400,90000,91200,-800,2243179,202932000000,850329,728002000,66393782000000,72800236,36149358,366508777,50.34000015258789,20220916,100.0,-193089,-26830507,0,0.0,0,0.0,0.0
20220915,0,92900,93000,91500,92000,-1000,1755820,161780000000,803200,728002000,66976184000000,72800236,36090213,367100227,50.43000030517578,20220915,100.0,-447643,-26637418,0,0.0,0,0.0,0.0
20220914,0,91700,93400,91300,93000,-1800,2444928,225687000000,949160,728002000,67704186000000,72800236,36095884,367043523,50.41999816894531,20220914,100.0,-392058,-26189775,0,0.0,0,0.0,0.0
20220913,0,91700,95200,91700,94800,4400,3288428,307823000000,1143828,728002000,69014589000000,72800236,36124081,366761547,50.380001068115234,20220913,100.0,689867,-25797717,0,0.0,0,0.0,0.0
20220908,0,90500,91000,90000,90400,0,2012123,181858000000,734088,728002000,65811380000000,72800236,36183871,366163649,50.29999923706055,20220908,100.0,299629,-26487584,0,0.0,0,0.0,0.0
20220907,0,91100,91100,89900,90400,-1400,2053413,185294000000,991003,728002000,65811380000000,72800236,36152063,366481733,50.34000015258789,20220907,100.0,-323755,-26787213,0,0.0,0,0.0,0.0
20220906,0,91900,92900,91100,91800,700,1389821,127635000000,615580,728002000,66830583000000,72800236,36142624,366576125,50.349998474121094,20220906,100.0,-124059,-26463458,0,0.0,0,0.0,0.0
20220905,0,91800,92400,90400,91100,-600,1706148,155581000000,1001800,728002000,66320982000000,72800236,36159782,366404539,50.33000183105469,20220905,100.0,-197009,-26339399,0,0.0,0,0.0,0.0
20220902,0,92700,93300,91600,91700,-700,2036818,187983000000,1017919,728002000,66757783000000,72800236,36169604,366306318,50.31999969482422,20220902,100.0,-164943,-26142390,0,0.0,0,0.0,0.0
20220901,0,93900,93900,92300,92400,-2800,2337521,216798000000,1200781,728002000,67267384000000,72800236,36241018,365592183,50.220001220703125,20220901,100.0,-678974,-25977447,0,0.0,0,0.0,0.0
20220831,0,92600,95500,92100,95200,2000,2421669,228286000000,762752,728002000,69305790000000,72800236,36238630,365616065,50.220001220703125,20220831,100.0,-91831,-25298473,0,0.0,0,0.0,0.0
20220830,0,92700,93400,92400,93200,700,1595242,148059000000,735979,728002000,67849786000000,72800236,36316554,364836818,50.11000061035156,20220830,100.0,-132166,-25206642,0,0.0,0,0.0,0.0
20220829,0,92700,93300,92000,92500,-2600,2619260,241961000000,1378450,728002000,67340185000000,72800236,36322240,364779959,50.11000061035156,20220829,100.0,-724553,-25074476,0,0.0,0,0.0,0.0
20220826,0,95400,96800,94700,95100,1000,2301949,219965000000,887947,728002000,69232990000000,72800236,36338343,364618934,50.08000183105469,20220826,100.0,180464,-24349923,0,0.0,0,0.0,0.0
20220825,0,93600,94100,92100,94100,900,2189458,204613000000,992050,728002000,68504988000000,72800236,36356354,364438819,50.060001373291016,20220825,100.0,174180,-24530387,0,0.0,0,0.0,0.0
20220824,0,93900,94200,93000,93200,-400,1447036,135255000000,678190,728002000,67849786000000,72800236,36323093,364771428,50.11000061035156,20220824,100.0,-273372,-24704567,0,0.0,0,0.0,0.0
20220823,0,94100,95400,93600,93600,-1600,1932822,182136000000,927019,728002000,68140987000000,72800236,36323835,364764013,50.099998474121094,20220823,100.0,-218228,-24431195,0,0.0,0,0.0,0.0
20220822,0,95200,95600,94000,95200,-1200,2293601,217611000000,1077340,728002000,69305790000000,72800236,36327828,364724081,50.099998474121094,20220822,100.0,-303967,-24212967,0,0.0,0,0.0,0.0
20220819,0,97000,97500,95900,96400,700,1890839,183002000000,910138,728002000,70179392000000,72800236,36376022,364242140,50.029998779296875,20220819,100.0,-142493,-23909000,0,0.0,0,0.0,0.0
20220818,0,95900,96400,95300,95700,-1400,1889587,180884000000,719867,728002000,69669791000000,72800236,36438689,363615474,49.95000076293945,20220818,100.0,-154755,-23766507,0,0.0,0,0.0,0.0
20220817,0,96800,97600,95900,97100,400,1764674,170779000000,714452,728002000,70688994000000,72800236,36416846,363833896,49.97999954223633,20220817,100.0,35548,-23611752,0,0.0,0,0.0,0.0
20220816,0,94500,97600,94400,96700,3400,4267280,411907000000,1566683,728002000,70397793000000,72800236,36445245,363549913,49.939998626708984,20220816,100.0,547097,-23647300,0,0.0,0,0.0,0.0
20220812,0,92800,94400,92600,93300,0,1910127,178991000000,912228,728002000,67922586000000,72800236,36515414,362848219,49.84000015258789,20220812,100.0,-172411,-24194397,0,0.0,0,0.0,0.0
20220811,0,93500,94400,92600,93300,1500,5206962,486250000000,1832728,728002000,67922586000000,72800236,36524782,362754543,49.83000183105469,20220811,100.0,86152,-24021986,0,0.0,0,0.0,0.0
20220810,0,91800,93000,91800,91800,-3300,4356568,401101000000,2527892,728002000,66830583000000,72800236,36527075,362731614,49.83000183105469,20220810,100.0,-750738,-24108138,0,0.0,0,0.0,0.0
20220809,0,96000,96100,94500,95100,-1200,3152955,299583000000,1771623,728002000,69232990000000,72800236,36431451,363687848,49.959999084472656,20220809,100.0,-519294,-23357400,0,0.0,0,0.0,0.0
20220808,0,97700,97700,95800,96300,-2200,3206548,308610000000,1907526,728002000,70106592000000,72800236,36439546,363606904,49.95000076293945,20220808,100.0,-843793,-22838106,0,0.0,0,0.0,0.0
20220805,0,98100,98700,97400,98500,1000,2052852,201487000000,839702,728002000,71708197000000,72800236,36421375,363788613,49.970001220703125,20220805,100.0,37711,-21994313,0,0.0,0,0.0,0.0
20220804,0,98000,98100,97100,97500,0,1960526,191400000000,973907,728002000,70980195000000,72800236,36459436,363408001,49.91999816894531,20220804,100.0,-143838,-22032024,0,0.0,0,0.0,0.0
20220803,0,96900,97500,96100,97500,1000,1703330,165151000000,746407,728002000,70980195000000,72800236,36461370,363388660,49.91999816894531,20220803,100.0,-170669,-21888186,0,0.0,0,0.0,0.0
20220802,0,97200,97200,96200,96500,-600,1916851,185074000000,947211,728002000,70252193000000,72800236,36484275,363159607,49.880001068115234,20220802,100.0,-382804,-21717517,0,0.0,0,0.0,0.0
20220801,0,97200,98100,96500,97100,-800,2007646,195151000000,1075660,728002000,70688994000000,72800236,36496768,363034680,49.869998931884766,20220801,100.0,-416514,-21334713,0,0.0,0,0.0,0.0
20220729,0,99900,100000,97400,97900,-1500,3899079,382602000000,2260780,728002000,71271395000000,72800236,36499776,363004601,49.86000061035156,20220729,100.0,-594611,-20918199,0,0.0,0,0.0,0.0
20220728,0,101000,101500,98900,99400,-600,3359717,335357000000,2126840,728002000,72363398000000,72800236,36459043,363411926,49.91999816894531,20220728,100.0,-727689,-20323588,0,0.0,0,0.0,0.0
20220727,0,101000,101500,98600,100000,-500,3159499,315123000000,1592041,728002000,72800200000000,72800236,36501597,362986394,49.86000061035156,20220727,100.0,-101040,-19595899,0,0.0,0,0.0,0.0
20220726,0,100500,101000,99100,100500,500,1636970,164329000000,686634,728002000,73164201000000,72800236,36473912,363263245,49.900001525878906,20220726,100.0,136754,-19494859,0,0.0,0,0.0,0.0
20220725,0,99100,101500,98900,100000,0,2185108,219114000000,1051700,728002000,72800200000000,72800236,36471179,363290570,49.900001525878906,20220725,100.0,-93152,-19631613,0,0.0,0,0.0,0.0
20220722,0,102500,102500,100000,100000,-2500,3126556,315391000000,1903513,728002000,72800200000000,72800236,36477997,363222390,49.88999938964844,20220722,100.0,-186912,-19538461,0,0.0,0,0.0,0.0
20220721,0,102000,103000,100500,102500,500,2143984,218488000000,962307,728002000,74620205000000,72800236,36467354,363328816,49.90999984741211,20220721,100.0,338,-19351549,0,0.0,0,0.0,0.0
20220720,0,103000,104500,101000,102000,2000,3981053,406687000000,1855742,728002000,74256204000000,72800236,36489856,363103798,49.880001068115234,20220720,100.0,-435342,-19351887,0,0.0,0,0.0,0.0
20220719,0,100000,100500,98700,100000,-1000,2709084,269912000000,1199202,728002000,72800200000000,72800236,36610237,361899986,49.709999084472656,20220719,100.0,-275364,-18916545,0,0.0,0,0.0,0.0
20220718,0,101000,103500,100000,101000,2300,4564780,464012000000,1796795,728002000,73528202000000,72800236,36609689,361905474,49.709999084472656,20220718,100.0,-598872,-18641181,0,0.0,0,0.0,0.0
20220715,0,95900,99000,95500,98700,4700,4457208,434627000000,1615843,728002000,71853797000000,72800236,36729316,360709203,49.54999923706055,20220715,100.0,314857,-18042309,0,0.0,0,0.0,0.0
20220714,0,92800,95500,92300,94000,0,2550307,239956000000,874194,728002000,68432188000000,72800236,36815699,359845372,49.43000030517578,20220714,100.0,-473502,-18357166,0,0.0,0,0.0,0.0
20220713,0,94600,96400,93800,94000,700,2721816,258620000000,1125449,728002000,68432188000000,72800236,36855256,359449804,49.369998931884766,20220713,100.0,534357,-17883664,0,0.0,0,0.0,0.0
20220712,0,94000,94000,91700,93300,-400,2385688,221641000000,1041706,728002000,67922586000000,72800236,36816573,359836631,49.43000030517578,20220712,100.0,-152542,-18418021,0,0.0,0,0.0,0.0
20220711,0,95000,95700,93500,93700,-1100,1885425,178083000000,938387,728002000,68213787000000,72800236,36840659,359595773,49.38999938964844,20220711,100.0,10717,-18265479,0,0.0,0,0.0,0.0
20220708,0,95900,96500,94500,94800,900,2814478,269082000000,1279135,728002000,69014589000000,72800236,36839929,359603073,49.400001525878906,20220708,100.0,-395859,-18276196,0,0.0,0,0.0,0.0
20220707,0,91300,95200,91300,93900,1800,3330794,313090000000,1090472,728002000,68359387000000,72800236,36905958,358942783,49.310001373291016,20220707,100.0,595574,-17880337,0,0.0,0,0.0,0.0
20220706,0,92800,93600,90900,92100,-400,3981326,367383000000,1615515,728002000,67048984000000,72800236,36862484,359377521,49.36000061035156,20220706,100.0,-169786,-18475911,0,0.0,0,0.0,0.0
20220705,0,90400,93400,90400,92500,3400,3560085,328066000000,1438700,728002000,67340185000000,72800236,36888846,359113898,49.33000183105469,20220705,100.0,338664,-18306125,0,0.0,0,0.0,0.0
20220704,0,87500,89600,86300,89100,1600,4331728,382388000000,1855785,728002000,64864978000000,72800236,36905880,358943557,49.310001373291016,20220704,100.0,302057,-18644789,0,0.0,0,0.0,0.0
20220701,0,91000,92500,87100,87500,-3500,4959176,440690000000,2719161,728002000,63700175000000,72800236,36933721,358665149,49.27000045776367,20220701,100.0,-383805,-18946846,0,0.0,0,0.0,0.0
20220630,0,91500,93100,91000,91000,-3000,3098854,284596000000,1345705,728002000,66248182000000,72800236,36830014,359702221,49.40999984741211,20220630,100.0,-540191,-18563041,0,0.0,0,0.0,0.0
20220629,0,93300,94900,92900,94000,-1300,2529973,237097000000,1152467,728002000,68432188000000,72800236,36852886,359473505,49.380001068115234,20220629,100.0,-176522,-18022850,0,0.0,0,0.0,0.0
20220628,0,94500,95300,93700,95300,300,2022966,191564000000,816790,728002000,69378590000000,72800236,36852264,359479719,49.380001068115234,20220628,100.0,-169352,-17846328,0,0.0,0,0.0,0.0
20220627,0,92700,96100,92600,95000,3400,3408749,322782000000,1401786,728002000,69160190000000,72800236,36883695,359165406,49.34000015258789,20220627,100.0,-201309,-17676976,0,0.0,0,0.0,0.0
20220624,0,90500,92000,90500,91600,1400,3045970,278278000000,1259882,728002000,66684983000000,72800236,36896683,359035526,49.31999969482422,20220624,100.0,322708,-17475667,0,0.0,0,0.0,0.0
20220623,0,92100,93000,89700,90200,-2000,3983116,362604000000,1801083,728002000,65665780000000,72800236,36877370,359228656,49.34000015258789,20220623,100.0,637219,-17798375,0,0.0,0,0.0,0.0
20220622,0,95700,95700,91700,92200,-3000,3509830,326449000000,1864320,728002000,67121784000000,72800236,36799155,360010812,49.45000076293945,20220622,100.0,256363,-18435594,0,0.0,0,0.0,0.0
20220621,0,94700,95900,93900,95200,700,2707302,256917000000,1165820,728002000,69305790000000,72800236,36749910,360503262,49.52000045776367,20220621,100.0,431130,-18691957,0,0.0,0,0.0,0.0
20220620,0,96700,96800,93100,94500,-1900,2386222,224647000000,1148136,728002000,68796189000000,72800236,36731961,360682755,49.540000915527344,20220620,100.0,199433,-19123087,0,0.0,0,0.0,0.0
20220617,0,95100,96400,95000,96400,-1000,3965464,379777000000,1387475,728002000,70179392000000,72800236,36701990,360982463,49.59000015258789,20220617,100.0,12465,-19322520,0,0.0,0,0.0,0.0
20220616,0,99900,101500,97100,97400,-500,3810703,379577000000,1816583,728002000,70907394000000,72800236,36640662,361595743,49.66999816894531,20220616,100.0,-172073,-19334985,0,0.0,0,0.0,0.0
20220615,0,98500,98900,96700,97900,-1200,2578500,251800000000,1287675,728002000,71271395000000,72800236,36673149,361270875,49.619998931884766,20220615,100.0,-27631,-19162912,0,0.0,0,0.0,0.0
20220614,0,96900,99600,96800,99100,100,3242550,319155000000,1387431,728002000,72144998000000,72800236,36663121,361371151,49.63999938964844,20220614,100.0,350453,-19135281,0,0.0,0,0.0,0.0
20220613,0,100000,101000,99000,99000,-4500,4133447,412791000000,2424447,728002000,72072198000000,72800236,36617601,361826350,49.70000076293945,20220613,100.0,-501841,-19485734,0,0.0,0,0.0,0.0
20220610,0,104000,104500,102500,103500,-2000,3480289,358674000000,1566060,728002000,75348207000000,72800236,36555154,362450820,49.790000915527344,20220610,100.0,-615230,-18983893,0,0.0,0,0.0,0.0
20220609,0,105500,107000,104500,105500,-500,4640744,491232000000,1586947,728002000,76804211000000,72800236,36486543,363136934,49.880001068115234,20220609,100.0,-60713,-18368663,0,0.0,0,0.0,0.0
20220608,0,104500,107500,104500,106000,2000,3075530,326583000000,1135046,728002000,77168212000000,72800236,36484063,363161734,49.880001068115234,20220608,100.0,-88233,-18307950,0,0.0,0,0.0,0.0
20220607,0,105500,106000,103500,104000,-3000,3174521,332407000000,2032937,728002000,75712208000000,72800236,36564594,362356420,49.77000045776367,20220607,100.0,-878864,-18219717,0,0.0,0,0.0,0.0
20220603,0,108000,108500,107000,107000,0,1638006,176161000000,754363,728002000,77896214000000,72800236,36560847,362393893,49.779998779296875,20220603,100.0,-2076,-17340853,0,0.0,0,0.0,0.0
20220602,0,106000,107500,106000,107000,-1000,3097583,330342000000,1558991,728002000,77896214000000,72800236,36560441,362397949,49.779998779296875,20220602,100.0,-689000,-17338777,0,0.0,0,0.0,0.0
20220531,0,106500,108000,105500,108000,1000,4024509,431706000000,892316,728002000,78624216000000,72800236,36615933,361843034,49.70000076293945,20220531,100.0,-693354,-16649777,0,0.0,0,0.0,0.0
20220530,0,108000,108000,106000,107000,1000,2054526,219413000000,1002973,728002000,77896214000000,72800236,36721380,360788561,49.560001373291016,20220530,100.0,159186,-15956423,0,0.0,0,0.0,0.0
20220527,0,105500,107000,105000,106000,3000,3686487,390822000000,1590040,728002000,77168212000000,72800236,36696293,361039426,49.59000015258789,20220527,100.0,-429773,-16115609,0,0.0,0,0.0,0.0
20220526,0,107500,108500,101500,103000,-5000,8523001,893079000000,6102785,728002000,74984206000000,72800236,36820326,359799104,49.41999816894531,20220526,100.0,-1025548,-15685836,0,0.0,0,0.0,0.0
20220525,0,109500,110000,107000,108000,-500,4151560,449254000000,2450951,728002000,78624216000000,72800236,36710904,360893325,49.56999969482422,20220525,100.0,-447539,-14660288,0,0.0,0,0.0,0.0
20220524,0,111500,112000,108500,108500,-4500,4491835,493007000000,3076461,728002000,78988217000000,72800236,36706676,360935598,49.58000183105469,20220524,100.0,-380521,-14212749,0,0.0,0,0.0,0.0
20220523,0,113000,113500,111000,113000,500,3160028,355054000000,1712948,728002000,82264226000000,72800236,36588278,362119581,49.7400016784668,20220523,100.0,-199794,-13832228,0,0.0,0,0.0,0.0
20220520,0,111500,113000,111000,112500,1500,2398978,269003000000,982448,728002000,81900225000000,72800236,36609596,361906405,49.709999084472656,20220520,100.0,364203,-13632434,0,0.0,0,0.0,0.0
20220519,0,110500,112500,110000,111000,-2500,3680049,409121000000,1633190,728002000,80808222000000,72800236,36592373,362078633,49.7400016784668,20220519,100.0,-338188,-13996637,0,0.0,0,0.0,0.0
20220518,0,114000,115000,113000,113500,1000,3570113,407131000000,1328852,728002000,82628227000000,72800236,36604802,361954344,49.720001220703125,20220518,100.0,-79042,-13658449,0,0.0,0,0.0,0.0
20220517,0,111000,113000,110500,112500,2000,2056143,230229000000,417798,728002000,81900225000000,72800236,36659925,361403109,49.63999938964844,20220517,100.0,375284,-13579407,0,0.0,0,0.0,0.0
20220516,0,113500,114000,110000,110500,-2000,3930044,437752000000,1976591,728002000,80444221000000,72800236,36667554,361326820,49.630001068115234,20220516,100.0,202697,-13954691,0,0.0,0,0.0,0.0
20220513,0,109000,112500,109000,112500,3500,4003349,446418000000,1025648,728002000,81900225000000,72800236,36615997,361842388,49.70000076293945,20220513,100.0,1008065,-14157388,0,0.0,0,0.0,0.0
20220512,0,109500,111500,108500,109000,-1500,4132948,453650000000,1485975,728002000,79352218000000,72800236,36626405,361738307,49.689998626708984,20220512,100.0,227216,-15165453,0,0.0,0,0.0,0.0
20220511,0,110500,112500,108000,110500,500,3658168,404955000000,1407395,728002000,80444221000000,72800236,36589422,362108141,49.7400016784668,20220511,100.0,508703,-15392669,0,0.0,0,0.0,0.0
20220510,0,107000,111000,107000,110000,2500,4141923,450009000000,1342585,728002000,80080220000000,72800236,36579591,362206454,49.75,20220510,100.0,-64063,-15901372,0,0.0,0,0.0,0.0
20220509,0,107000,109000,106500,107500,0,2203472,237915000000,969958,728002000,78260215000000,72800236,36615182,361850536,49.70000076293945,20220509,100.0,-91925,-15837309,0,0.0,0,0.0,0.0
20220506,0,108000,108500,106500,107500,-2000,2566813,276061000000,1451480,728002000,78260215000000,72800236,36631264,361689718,49.68000030517578,20220506,100.0,-412406,-15745384,0,0.0,0,0.0,0.0
20220504,0,110500,111000,108500,109500,-500,2491890,272895000000,1477991,728002000,79716219000000,72800236,36650826,361494098,49.65999984741211,20220504,100.0,-43431,-15332978,0,0.0,0,0.0,0.0
20220503,0,111000,112000,109500,110000,-500,2676115,296293000000,1223952,728002000,80080220000000,72800236,36639147,361610892,49.66999816894531,20220503,100.0,-48865,-15289547,0,0.0,0,0.0,0.0
20220502,0,110000,111500,110000,110500,-2000,2175384,240459000000,952814,728002000,80444221000000,72800236,36622456,361777804,49.689998626708984,20220502,100.0,-121092,-15240682,0,0.0,0,0.0,0.0
20220429,0,110000,112500,109500,112500,3000,3752415,418644000000,1060668,728002000,81900225000000,72800236,36585478,362147578,49.75,20220429,100.0,999941,-15119590,0,0.0,0,0.0,0.0
20220428,0,109500,110000,108000,109500,1000,2804966,305741000000,1029385,728002000,79716219000000,72800236,36576780,362234561,49.7599983215332,20220428,100.0,-108973,-16119531,0,0.0,0,0.0,0.0
20220427,0,108000,109500,107500,108500,-2500,3261290,352793000000,1344329,728002000,78988217000000,72800236,36586534,362137023,49.7400016784668,20220427,100.0,-167982,-16010558,0,0.0,0,0.0,0.0
20220426,0,109500,111000,108000,111000,3000,2969516,325299000000,1014140,728002000,80808222000000,72800236,36528672,362715643,49.81999969482422,20220426,100.0,53911,-15842576,0,0.0,0,0.0,0.0
20220425,0,109000,109500,108000,108000,-2500,2282343,247214000000,1064768,728002000,78624216000000,72800236,36536051,362641854,49.810001373291016,20220425,100.0,-419780,-15896487,0,0.0,0,0.0,0.0
20220422,0,110500,112000,110500,110500,-2500,2360834,261795000000,1021117,728002000,80444221000000,72800236,36491268,363089680,49.869998931884766,20220422,100.0,-543016,-15476707,0,0.0,0,0.0,0.0
20220421,0,112500,115000,112500,113000,500,3199858,364498000000,1113420,728002000,82264226000000,72800236,36490262,363099744,49.880001068115234,20220421,100.0,729344,-14933691,0,0.0,0,0.0,0.0
20220420,0,112500,113000,111000,112500,0,2905007,325207000000,1089085,728002000,81900225000000,72800236,36473108,363271279,49.900001525878906,20220420,100.0,-142622,-15663035,0,0.0,0,0.0,0.0
20220419,0,110000,112500,109500,112500,3500,3021192,337878000000,832944,728002000,81900225000000,72800236,36510911,362893250,49.849998474121094,20220419,100.0,453585,-15520413,0,0.0,0,0.0,0.0
20220418,0,107000,109500,106500,109000,1000,2670439,289568000000,1061136,728002000,79352218000000,72800236,36532445,362677911,49.81999969482422,20220418,100.0,296923,-15973998,0,0.0,0,0.0,0.0
20220415,0,108000,108500,107000,108000,-2000,3694012,397259000000,2192129,728002000,78624216000000,72800236,36546845,362533909,49.79999923706055,20220415,100.0,-637088,-16270921,0,0.0,0,0.0,0.0
20220414,0,113000,113000,110000,110000,-3000,4715700,522073000000,2276389,728002000,80080220000000,72800236,36516989,362832475,49.84000015258789,20220414,100.0,-641460,-15633833,0,0.0,0,0.0,0.0
20220413,0,112000,113000,111000,113000,2000,2484490,278811000000,812962,728002000,82264226000000,72800236,36432567,363676692,49.959999084472656,20220413,100.0,334420,-14992373,0,0.0,0,0.0,0.0
20220412,0,110500,113000,110500,111000,-500,2738163,305374000000,1047665,728002000,80808222000000,72800236,36385105,364151308,50.02000045776367,20220412,100.0,-46186,-15326793,0,0.0,0,0.0,0.0
20220411,0,111000,113000,110500,111500,-500,2390786,266927000000,1055398,728002000,81172223000000,72800236,36373853,364263828,50.040000915527344,20220411,100.0,-86256,-15280607,0,0.0,0,0.0,0.0
20220408,0,113000,114000,110500,112000,-1500,4268316,478158000000,2586143,728002000,81536224000000,72800236,36379267,364209688,50.029998779296875,20220408,100.0,-286119,-15194351,0,0.0,0,0.0,0.0
20220407,0,111500,114500,110500,113500,500,5027865,564778000000,2109847,728002000,82628227000000,72800236,36325114,364751225,50.099998474121094,20220407,100.0,-136493,-14908232,0,0.0,0,0.0,0.0
20220406,0,114500,115500,113000,113000,-3500,4541938,515845000000,2545757,728002000,82264226000000,72800236,36276271,365239653,50.16999816894531,20220406,100.0,-560600,-14771739,0,0.0,0,0.0,0.0
20220405,0,117500,118000,116000,116500,-500,2101474,245221000000,798641,728002000,84812233000000,72800236,36162051,366381851,50.33000183105469,20220405,100.0,-229471,-14211139,0,0.0,0,0.0,0.0
20220404,0,115000,117500,114500,117000,1000,2470792,286487000000,828943,728002000,85176234000000,72800236,36156290,366439464,50.33000183105469,20220404,100.0,-138931,-13981668,0,0.0,0,0.0,0.0
20220401,0,117000,117500,116000,116000,-2000,3851558,448385000000,2173713,728002000,84448232000000,72800236,36179145,366210906,50.29999923706055,20220401,100.0,-773762,-13842737,0,0.0,0,0.0,0.0
20220331,0,119500,120000,117500,118000,-3000,4558063,541078000000,2310922,728002000,85904236000000,72800236,36157631,366426052,50.33000183105469,20220331,100.0,-215197,-13068975,0,0.0,0,0.0,0.0
20220330,0,123000,123000,120500,121000,1000,3436282,418424000000,1550332,728002000,88088242000000,72800236,36043895,367563411,50.4900016784668,20220330,100.0,-21580,-12853778,0,0.0,0,0.0,0.0
20220329,0,119500,120500,118500,120000,2000,3375247,403040000000,1237956,728002000,87360240000000,72800236,36076186,367240496,50.439998626708984,20220329,100.0,470525,-12832198,0,0.0,0,0.0,0.0
20220328,0,117500,119500,116500,118000,0,3234792,382156000000,1337492,728002000,85904236000000,72800236,36110423,366898132,50.400001525878906,20220328,100.0,97856,-13302723,0,0.0,0,0.0,0.0
20220325,0,122000,123000,118000,118000,-2500,5514940,657415000000,3014821,728002000,85904236000000,72800236,36076511,367237250,50.439998626708984,20220325,100.0,-227138,-13400579,0,0.0,0,0.0,0.0
20220324,0,121000,122000,119500,120500,-3000,4215272,507616000000,2438421,728002000,87724241000000,72800236,35943129,368571073,50.630001068115234,20220324,100.0,-643871,-13173441,0,0.0,0,0.0,0.0
20220323,0,124000,124500,122000,123500,0,4085633,502102000000,2155186,728002000,89908247000000,72800236,35935858,368643783,50.63999938964844,20220323,100.0,-54066,-12529570,0,0.0,0,0.0,0.0
20220322,0,121000,124000,121000,123500,1500,2246439,275489000000,946010,728002000,89908247000000,72800236,35920432,368798041,50.65999984741211,20220322,100.0,-35245,-12475504,0,0.0,0,0.0,0.0
20220321,0,124000,124500,121000,122000,-2000,3433809,419326000000,2179281,728002000,88816244000000,72800236,35950737,368494995,50.619998931884766,20220321,100.0,-131592,-12440259,0,0.0,0,0.0,0.0
20220318,0,124000,125000,121000,124000,0,4493159,552673000000,1773655,728002000,90272248000000,72800236,35949148,368510882,50.619998931884766,20220318,100.0,40754,-12308667,0,0.0,0,0.0,0.0
20220317,0,121000,124500,121000,124000,7500,7219813,886591000000,2339252,728002000,90272248000000,72800236,35957269,368429669,50.61000061035156,20220317,100.0,-290046,-12349421,0,0.0,0,0.0,0.0
20220316,0,115000,117000,114000,116500,4000,3739977,431646000000,1523112,728002000,84812233000000,72800236,36174490,366257458,50.310001373291016,20220316,100.0,129509,-12059375,0,0.0,0,0.0,0.0
20220315,0,114500,115500,112000,112500,-3500,3578256,404689000000,2155192,728002000,81900225000000,72800236,36178439,366217966,50.29999923706055,20220315,100.0,-100777,-12188884,0,0.0,0,0.0,0.0
20220314,0,115500,117000,114500,116000,-1000,3172353,366558000000,1730834,728002000,84448232000000,72800236,36110736,366894997,50.400001525878906,20220314,100.0,-20692,-12088107,0,0.0,0,0.0,0.0
20220311,0,118500,119000,115500,117000,-3000,3087532,360483000000,1911677,728002000,85176234000000,72800236,36086388,367138476,50.43000030517578,20220311,100.0,-566928,-12067415,0,0.0,0,0.0,0.0
20220310,0,121000,121500,118500,120000,2000,3912683,470385000000,1675282,728002000,87360240000000,72800236,36030465,367697707,50.5099983215332,20220310,100.0,524158,-11500487,0,0.0,0,0.0,0.0
20220308,0,117000,119500,116500,118000,-1500,3619045,427718000000,1624461,728002000,85904236000000,72800236,35970125,368301109,50.59000015258789,20220308,100.0,-270119,-12024645,0,0.0,0,0.0,0.0
20220307,0,119000,121000,119000,119500,-5000,5203286,623419000000,2678226,728002000,86996239000000,72800236,35944106,368561303,50.630001068115234,20220307,100.0,-618649,-11754526,0,0.0,0,0.0,0.0
20220304,0,127500,128000,124000,124500,-4500,3249773,406304000000,1988861,728002000,90636249000000,72800236,35830020,369702158,50.779998779296875,20220304,100.0,-497807,-11135877,0,0.0,0,0.0,0.0
20220303,0,128000,129500,127000,129000,4000,3088097,396562000000,941351,728002000,93912258000000,72800236,35752902,370473345,50.88999938964844,20220303,100.0,146801,-10638070,0,0.0,0,0.0,0.0
20220302,0,124500,126500,123000,125000,1500,2903340,361484000000,1023403,728002000,91000250000000,72800236,35797527,370027094,50.83000183105469,20220302,100.0,-259820,-10784871,0,0.0,0,0.0,0.0
20220228,0,123000,123500,121000,123500,500,3224264,395526000000,1349558,728002000,89908247000000,72800236,35848575,369516606,50.7599983215332,20220228,100.0,-266784,-10525051,0,0.0,0,0.0,0.0
20220225,0,125500,126000,122500,123000,500,3309625,410516000000,1515574,728002000,89544246000000,72800236,35876245,369239909,50.720001220703125,20220225,100.0,-253611,-10258267,0,0.0,0,0.0,0.0
20220224,0,125500,126000,122000,122500,-6000,5748069,709502000000,3533736,728002000,89180245000000,72800236,35908191,368920450,50.68000030517578,20220224,100.0,-286420,-10004656,0,0.0,0,0.0,0.0
20220223,0,130000,130500,127000,128500,0,2752112,353757000000,1298114,728002000,93548257000000,72800236,35799113,370011226,50.83000183105469,20220223,100.0,63198,-9718236,0,0.0,0,0.0,0.0
20220222,0,127000,129500,126000,128500,-1500,3179806,405764000000,1696646,728002000,93548257000000,72800236,35780775,370194607,50.849998474121094,20220222,100.0,-46864,-9781434,0,0.0,0,0.0,0.0
20220221,0,129000,130500,127000,130000,-1500,4048108,521940000000,1888140,728002000,94640260000000,72800236,35762726,370375105,50.880001068115234,20220221,100.0,-306773,-9734570,0,0.0,0,0.0,0.0
20220218,0,131500,133000,129500,131500,-1500,3108887,407715000000,1593914,728002000,95732263000000,72800236,35775686,370245503,50.86000061035156,20220218,100.0,-27843,-9427797,0,0.0,0,0.0,0.0
20220217,0,130500,134000,130000,133000,2500,5433402,719951000000,1900061,728002000,96824266000000,72800236,35760275,370399607,50.880001068115234,20220217,100.0,36447,-9399954,0,0.0,0,0.0,0.0
20220216,0,131000,132500,130000,130500,3500,3499809,459242000000,1486043,728002000,95004261000000,72800236,35940613,368596233,50.630001068115234,20220216,100.0,111676,-9436401,0,0.0,0,0.0,0.0
20220215,0,131500,132000,127000,127000,-5500,5097120,656448000000,2988788,728002000,92456254000000,72800236,35966487,368337492,50.599998474121094,20220215,100.0,10042,-9548077,0,0.0,0,0.0,0.0
20220214,0,130000,132500,129500,132500,500,4962205,652422000000,2052627,728002000,96460265000000,72800236,35934194,368660422,50.63999938964844,20220214,100.0,390942,-9558119,0,0.0,0,0.0,0.0
20220211,0,130500,132500,130000,132000,2500,6057207,795971000000,2187529,728002000,96096264000000,72800236,36034379,367658566,50.5,20220211,100.0,108847,-9949061,0,0.0,0,0.0,0.0
20220210,0,129000,131000,127000,129500,3500,7269729,939936000000,1775171,728002000,94276259000000,72800236,36191944,366082917,50.290000915527344,20220210,100.0,1016738,-10057908,0,0.0,0,0.0,0.0
20220209,0,127000,128000,124500,126000,1000,4339337,548847000000,1749547,728002000,91728252000000,72800236,36365909,364343268,50.04999923706055,20220209,100.0,192052,-11074646,0,0.0,0,0.0,0.0
20220208,0,124500,126000,123500,125000,2000,4054097,506437000000,1800044,728002000,91000250000000,72800236,36378576,364216604,50.029998779296875,20220208,100.0,-65260,-11266698,0,0.0,0,0.0,0.0
20220207,0,123000,123500,119500,123000,-1500,4804261,583282000000,2549561,728002000,89544246000000,72800236,36452942,363472942,49.93000030517578,20220207,100.0,-471847,-11201438,0,0.0,0,0.0,0.0
20220204,0,125500,127000,124000,124500,500,3037097,379979000000,1518844,728002000,90636249000000,72800236,36471671,363285653,49.900001525878906,20220204,100.0,-176910,-10729591,0,0.0,0,0.0,0.0
20220203,0,124500,127000,124000,124000,3500,5171178,647974000000,2252951,728002000,90272248000000,72800236,36480687,363195490,49.88999938964844,20220203,100.0,-308996,-10552681,0,0.0,0,0.0,0.0
20220128,0,115000,121500,114500,120500,7000,4776510,568487000000,1660091,728002000,87724241000000,72800236,36609066,361911700,49.709999084472656,20220128,100.0,267844,-10243685,0,0.0,0,0.0,0.0
20220127,0,119500,119500,111000,113500,-4000,6679404,761227000000,3632862,728002000,82628227000000,72800236,36686378,361138585,49.61000061035156,20220127,100.0,-263653,-10511529,0,0.0,0,0.0,0.0
20220126,0,119000,119500,117500,117500,-500,3416240,404643000000,1830955,728002000,85540235000000,72800236,36637774,361624618,49.66999816894531,20220126,100.0,-2280,-10247876,0,0.0,0,0.0,0.0
20220125,0,118000,120000,116500,118000,-1000,5702595,672614000000,2754788,728002000,85904236000000,72800236,36657859,361423771,49.650001525878906,20220125,100.0,156773,-10245596,0,0.0,0,0.0,0.0
20220124,0,116500,120500,116500,119000,0,4883822,577394000000,2189170,728002000,86632238000000,72800236,36663979,361362571,49.63999938964844,20220124,100.0,80615,-10402369,0,0.0,0,0.0,0.0
20220121,0,121500,122500,118000,119000,-6000,6465040,774548000000,3859373,728002000,86632238000000,72800236,36675867,361243693,49.619998931884766,20220121,100.0,-1056606,-10482984,0,0.0,0,0.0,0.0
20220120,0,126000,126500,123500,125000,-2000,5441986,677312000000,2830985,728002000,91000250000000,72800236,36674380,361258565,49.619998931884766,20220120,100.0,-258531,-9426378,0,0.0,0,0.0,0.0
20220119,0,123500,128500,123500,127000,500,4094609,517205000000,2010505,728002000,92456254000000,72800236,36647181,361530554,49.65999984741211,20220119,100.0,-102293,-9167847,0,0.0,0,0.0,0.0
20220118,0,126500,127500,125000,126500,-500,3607850,455390000000,2041070,728002000,92092253000000,72800236,36705683,360945532,49.58000183105469,20220118,100.0,-316404,-9065554,0,0.0,0,0.0,0.0
20220117,0,127500,128000,124500,127000,-1500,3730393,470159000000,1995897,728002000,92456254000000,72800236,36745548,360546880,49.529998779296875,20220117,100.0,8694,-8749150,0,0.0,0,0.0,0.0
20220114,0,128500,129000,126000,128500,-1000,3769648,479418000000,1929710,728002000,93548257000000,72800236,36711435,360888011,49.56999969482422,20220114,100.0,-109150,-8757844,0,0.0,0,0.0,0.0
20220113,0,128500,130000,128000,129500,1000,4155984,536434000000,1568638,728002000,94276259000000,72800236,36700547,360996893,49.59000015258789,20220113,100.0,-501228,-8648694,0,0.0,0,0.0,0.0
20220112,0,129500,130000,126500,128500,500,3552174,455037000000,1674382,728002000,93548257000000,72800236,36778176,360220601,49.47999954223633,20220112,100.0,206812,-8147466,0,0.0,0,0.0,0.0
20220111,0,125500,128500,124500,128000,3500,3958787,502323000000,1363213,728002000,93184256000000,72800236,36756784,360434522,49.5099983215332,20220111,100.0,-31583,-8354278,0,0.0,0,0.0,0.0
20220110,0,126500,127000,123000,124500,-2500,3449197,428295000000,2074255,728002000,90636249000000,72800236,36845564,359546719,49.38999938964844,20220110,100.0,-645317,-8322695,0,0.0,0,0.0,0.0
20220107,0,127000,129000,126500,127000,2000,3270119,417803000000,1433218,728002000,92456254000000,72800236,36874903,359253330,49.349998474121094,20220107,100.0,-265363,-7677378,0,0.0,0,0.0,0.0
20220106,0,123500,127000,123000,125000,-500,3725569,466797000000,2013022,728002000,91000250000000,72800236,36959241,358409948,49.22999954223633,20220106,100.0,-631135,-7412015,0,0.0,0,0.0,0.0
20220105,0,129000,129000,121500,125500,-3000,7414954,921468000000,4632398,728002000,91364251000000,72800236,37047504,357527323,49.11000061035156,20220105,100.0,-1129261,-6780880,0,0.0,0,0.0,0.0
20220104,0,129500,130000,127500,128500,0,3622369,466571000000,1786440,728002000,93548257000000,72800236,37115234,356850022,49.02000045776367,20220104,100.0,-325799,-5651619,0,0.0,0,0.0,0.0
20220103,0,132000,132500,128000,128500,-2500,3782213,490940000000,2398673,728002000,93548257000000,72800236,37137608,356626282,48.9900016784668,20220103,100.0,-934483,-5325820,0,0.0,0,0.0,0.0
20211230,0,131000,133500,130000,131000,4000,5172987,679016000000,2007373,728002000,95368262000000,72800236,37175035,356252006,48.939998626708984,20211230,100.0,1165597,-4391337,0,0.0,0,0.0,0.0
20211229,0,127500,128500,125500,127000,-500,3832154,486662000000,1810082,728002000,92456254000000,72800236,37189711,356105255,48.91999816894531,20211229,100.0,-743817,-5556934,0,0.0,0,0.0,0.0
20211228,0,126500,128000,124500,127500,1500,4086063,514250000000,1758395,728002000,92820255000000,72800236,37159641,356405947,48.959999084472656,20211228,100.0,779199,-4813117,0,0.0,0,0.0,0.0
20211227,0,128500,129000,126000,126000,-2000,2684135,341064000000,1567140,728002000,91728252000000,72800236,37218264,355819725,48.880001068115234,20211227,100.0,308477,-5592316,0,0.0,0,0.0,0.0
20211224,0,129000,130000,128000,128000,500,2462683,317105000000,1392760,728002000,93184256000000,72800236,37216600,355836361,48.880001068115234,20211224,100.0,621980,-5900793,0,0.0,0,0.0,0.0
20211223,0,129000,129000,126500,127500,500,2398358,305474000000,1255476,728002000,92820255000000,72800236,37238938,355612979,48.849998474121094,20211223,100.0,239565,-6522773,0,0.0,0,0.0,0.0
20211222,0,127500,128500,126000,127000,2500,3817689,485766000000,1360487,728002000,92456254000000,72800236,37181664,356185716,48.93000030517578,20211222,100.0,356646,-6762338,0,0.0,0,0.0,0.0
20211221,0,124000,124500,122500,124500,4000,3678590,456219000000,1125086,728002000,90636249000000,72800236,37212783,355874534,48.880001068115234,20211221,100.0,694865,-7118984,0,0.0,0,0.0,0.0
20211220,0,121500,123500,120500,120500,-1500,2846815,346125000000,1608230,728002000,87724241000000,72800236,37273243,355269931,48.79999923706055,20211220,100.0,-72487,-7813849,0,0.0,0,0.0,0.0
20211217,0,120500,123000,120500,122000,-2000,3850444,468342000000,1855873,728002000,88816244000000,72800236,37293288,355069478,48.77000045776367,20211217,100.0,-155622,-7741362,0,0.0,0,0.0,0.0
20211216,0,125000,125500,122500,124000,500,3869086,479280000000,2124803,728002000,90272248000000,72800236,37280694,355195416,48.790000915527344,20211216,100.0,-135694,-7585740,0,0.0,0,0.0,0.0
20211215,0,120000,123500,120000,123500,2500,2681332,327764000000,876440,728002000,89908247000000,72800236,37311797,354884386,48.75,20211215,100.0,122649,-7450046,0,0.0,0,0.0,0.0
20211214,0,120500,123000,120000,121000,-500,2201003,266373000000,1051191,728002000,88088242000000,72800236,37366602,354336340,48.66999816894531,20211214,100.0,-143587,-7572695,0,0.0,0,0.0,0.0
20211213,0,121000,124000,121000,121500,1000,3329176,408531000000,1159888,728002000,88452243000000,72800236,37371536,354287004,48.66999816894531,20211213,100.0,237667,-7429108,0,0.0,0,0.0,0.0
20211210,0,120500,121500,119500,120500,-3000,2512642,302355000000,1341985,728002000,87724241000000,72800236,37430823,353694134,48.58000183105469,20211210,100.0,-388148,-7666775,0,0.0,0,0.0,0.0
20211209,0,120500,123500,119000,123500,3500,5631833,689409000000,1801163,728002000,89908247000000,72800236,37297140,355030959,48.77000045776367,20211209,100.0,384865,-7278627,0,0.0,0,0.0,0.0
20211208,0,124000,125000,119500,120000,-1500,6168137,752880000000,3582822,728002000,87360240000000,72800236,37383076,354171600,48.650001525878906,20211208,100.0,330002,-7663492,0,0.0,0,0.0,0.0
20211207,0,119000,122500,118000,121500,3000,5112025,617725000000,1550271,728002000,88452243000000,72800236,37360407,354398286,48.68000030517578,20211207,100.0,519010,-7993494,0,0.0,0,0.0,0.0
20211206,0,116000,119000,115500,118500,500,4318893,507851000000,1749568,728002000,86268237000000,72800236,37444089,353561466,48.56999969482422,20211206,100.0,195101,-8512504,0,0.0,0,0.0,0.0
20211203,0,119000,119500,115500,118000,-2000,4567843,537427000000,2115663,728002000,85904236000000,72800236,37472767,353274692,48.529998779296875,20211203,100.0,10691,-8707605,0,0.0,0,0.0,0.0
20211202,0,115500,120500,115000,120000,3500,6980518,831751000000,2860387,728002000,87360240000000,72800236,37439686,353605499,48.56999969482422,20211202,100.0,426484,-8718296,0,0.0,0,0.0,0.0
20211201,0,114500,117500,112000,116500,2500,4214135,484483000000,1661694,728002000,84812233000000,72800236,37529500,352707356,48.45000076293945,20211201,100.0,299194,-9144780,0,0.0,0,0.0,0.0
20211130,0,118000,119000,112500,114000,-2000,7449608,861327000000,2828747,728002000,82992228000000,72800236,37532574,352676621,48.439998626708984,20211130,100.0,344479,-9443974,0,0.0,0,0.0,0.0
20211129,0,113000,118500,113000,116000,500,4412863,514358000000,1513336,728002000,84448232000000,72800236,37531586,352686499,48.45000076293945,20211129,100.0,929657,-9788453,0,0.0,0,0.0,0.0
20211126,0,116500,118500,113000,115500,-2000,4337936,502130000000,2323482,728002000,84084231000000,72800236,37527823,352724129,48.45000076293945,20211126,100.0,41458,-10718110,0,0.0,0,0.0,0.0
20211125,0,120500,121000,117000,117500,-2000,3339835,395199000000,2072249,728002000,85540235000000,72800236,37552056,352481801,48.41999816894531,20211125,100.0,-112657,-10759568,0,0.0,0,0.0,0.0
20211124,0,120500,122500,118000,119500,500,4001111,479195000000,1511725,728002000,86996239000000,72800236,37549946,352502897,48.41999816894531,20211124,100.0,-209297,-10646911,0,0.0,0,0.0,0.0
20211123,0,119500,121000,117500,119000,-500,4847270,578484000000,2003330,728002000,86632238000000,72800236,37588208,352120279,48.369998931884766,20211123,100.0,-212015,-10437614,0,0.0,0,0.0,0.0
20211122,0,116500,121000,116000,119500,8000,9786492,1166463000000,2597142,728002000,86996239000000,72800236,37639897,351603386,48.29999923706055,20211122,100.0,1528000,-10225599,0,0.0,0,0.0,0.0
20211119,0,110000,112500,110000,111500,1500,2324668,258663000000,763966,728002000,81172223000000,72800236,37874369,349258675,47.970001220703125,20211119,100.0,106411,-11753599,0,0.0,0,0.0,0.0
20211118,0,110000,111000,109000,110000,-500,1928891,212342000000,899156,728002000,80080220000000,72800236,37922447,348777891,47.90999984741211,20211118,100.0,-182973,-11860010,0,0.0,0,0.0,0.0
20211117,0,113000,113000,110000,110500,-1500,3062491,338946000000,1658089,728002000,80444221000000,72800236,37948023,348522132,47.869998931884766,20211117,100.0,-482911,-11677037,0,0.0,0,0.0,0.0
20211116,0,111000,113000,109000,112000,1000,3767311,420123000000,1443726,728002000,81536224000000,72800236,37988417,348118187,47.81999969482422,20211116,100.0,164242,-11194126,0,0.0,0,0.0,0.0
20211115,0,108500,111500,108000,111000,4500,4701568,520375000000,988670,728002000,80808222000000,72800236,38029735,347705008,47.7599983215332,20211115,100.0,623315,-11358368,0,0.0,0,0.0,0.0
20211112,0,109000,109500,105500,106500,-1000,1786165,191349000000,1148607,728002000,77532213000000,72800236,38202821,345974146,47.52000045776367,20211112,100.0,128448,-11981683,0,0.0,0,0.0,0.0
20211111,0,107500,108000,105500,107500,-1000,2731498,292597000000,1060895,728002000,78260215000000,72800236,38179916,346203201,47.560001373291016,20211111,100.0,35336,-12110131,0,0.0,0,0.0,0.0
20211110,0,108500,109500,107500,108500,-500,2361295,256342000000,1034576,728002000,78988217000000,72800236,38189130,346111062,47.540000915527344,20211110,100.0,40001,-12145467,0,0.0,0,0.0,0.0
20211109,0,108000,110000,107500,109000,1500,3440686,373692000000,1496393,728002000,79352218000000,72800236,38230792,345694443,47.4900016784668,20211109,100.0,292182,-12185468,0,0.0,0,0.0,0.0
20211108,0,107000,108000,104000,107500,500,2212348,234662000000,996707,728002000,78260215000000,72800236,38313187,344870495,47.369998931884766,20211108,100.0,23751,-12477650,0,0.0,0,0.0,0.0
20211105,0,108000,108500,105500,107000,1000,2523345,270381000000,1295484,728002000,77896214000000,72800236,38345477,344547589,47.33000183105469,20211105,100.0,-12540,-12501401,0,0.0,0,0.0,0.0
20211104,0,107000,108000,105500,106000,500,2059242,220087000000,1236401,728002000,77168212000000,72800236,38383635,344166013,47.279998779296875,20211104,100.0,297047,-12488861,0,0.0,0,0.0,0.0
20211103,0,108500,109000,104500,105500,-2000,3116506,332051000000,1788139,728002000,76804211000000,72800236,38385916,344143204,47.27000045776367,20211103,100.0,-223726,-12785908,0,0.0,0,0.0,0.0
20211102,0,107000,108500,106500,107500,1000,2892292,311462000000,1389701,728002000,78260215000000,72800236,38421572,343786645,47.220001220703125,20211102,100.0,315708,-12562182,0,0.0,0,0.0,0.0
20211101,0,103500,107000,102500,106500,3500,3118661,329823000000,1057231,728002000,77532213000000,72800236,38428990,343712464,47.209999084472656,20211101,100.0,740197,-12877890,0,0.0,0,0.0,0.0
20211029,0,107000,108500,103000,103000,-3500,4007223,419886000000,1987391,728002000,74984206000000,72800236,38433230,343670062,47.209999084472656,20211029,100.0,49941,-13618087,0,0.0,0,0.0,0.0
20211028,0,102000,107500,101500,106500,5000,6329703,669797000000,1851305,728002000,77532213000000,72800236,38384827,344154094,47.27000045776367,20211028,100.0,368950,-13668028,0,0.0,0,0.0,0.0
20211027,0,103000,104000,101500,101500,-500,2859255,293197000000,1035583,728002000,73892203000000,72800236,38489285,343109514,47.130001068115234,20211027,100.0,-80723,-14036978,0,0.0,0,0.0,0.0
20211026,0,101500,103500,101000,102000,2000,3458645,354502000000,1245135,728002000,74256204000000,72800236,38495159,343050767,47.119998931884766,20211026,100.0,310630,-13956255,0,0.0,0,0.0,0.0
20211025,0,99500,101500,98300,100000,1500,2950459,296227000000,1185739,728002000,72800200000000,72800236,38476033,343242026,47.150001525878906,20211025,100.0,263199,-14266885,0,0.0,0,0.0,0.0
20211022,0,95500,99200,95500,98500,2200,1962833,192030000000,704421,728002000,71708197000000,72800236,38499368,343008684,47.119998931884766,20211022,100.0,102376,-14530084,0,0.0,0,0.0,0.0
20211021,0,97300,98300,96100,96300,-1600,2152221,209285000000,1043311,728002000,70106592000000,72800236,38509476,342907600,47.099998474121094,20211021,100.0,-32586,-14632460,0,0.0,0,0.0,0.0
20211020,0,98200,98600,97200,97900,200,2010529,197390000000,829869,728002000,71271395000000,72800236,38497269,343029667,47.119998931884766,20211020,100.0,-195796,-14599874,0,0.0,0,0.0,0.0
20211019,0,98600,98600,97100,97700,600,1400175,136865000000,718394,728002000,71125795000000,72800236,38539602,342606343,47.060001373291016,20211019,100.0,23312,-14404078,0,0.0,0,0.0,0.0
20211018,0,98300,98300,96700,97100,-1300,2111399,205541000000,1012631,728002000,70688994000000,72800236,38528186,342720502,47.08000183105469,20211018,100.0,-281811,-14427390,0,0.0,0,0.0,0.0
20211015,0,96000,98500,95700,98400,4600,4229748,410990000000,1611549,728002000,71635396000000,72800236,38535404,342648317,47.06999969482422,20211015,100.0,237236,-14145579,0,0.0,0,0.0,0.0
20211014,0,92400,94500,92100,93800,1800,2414639,225995000000,724438,728002000,68286587000000,72800236,38618772,341814645,46.95000076293945,20211014,100.0,140598,-14382815,0,0.0,0,0.0,0.0
20211013,0,90900,93500,90500,92000,500,3045438,281115000000,1287675,728002000,66976184000000,72800236,38607446,341927899,46.970001220703125,20211013,100.0,125425,-14523413,0,0.0,0,0.0,0.0
20211012,0,92400,92900,90800,91500,-2500,4728215,434375000000,1992910,728002000,66612183000000,72800236,38603980,341962561,46.970001220703125,20211012,100.0,-321573,-14648838,0,0.0,0,0.0,0.0
20211008,0,96200,96300,93500,94000,-1700,4098832,386100000000,2128580,728002000,68432188000000,72800236,38667430,341328062,46.88999938964844,20211008,100.0,-596048,-14327265,0,0.0,0,0.0,0.0
20211007,0,96300,96800,95000,95700,-800,3834957,367445000000,1968365,728002000,69669791000000,72800236,38668340,341318959,46.880001068115234,20211007,100.0,27499,-13731217,0,0.0,0,0.0,0.0
20211006,0,98400,98700,95800,96500,-1400,2816951,272988000000,1449396,728002000,70252193000000,72800236,38607883,341923526,46.970001220703125,20211006,100.0,-147139,-13758716,0,0.0,0,0.0,0.0
20211005,0,98900,99500,97200,97900,-2100,3244145,317776000000,1685383,728002000,71271395000000,72800236,38636059,341641769,46.93000030517578,20211005,100.0,70007,-13611577,0,0.0,0,0.0,0.0
20211001,0,102000,102500,100000,100000,-3000,2681124,270094000000,1663363,728002000,72800200000000,72800236,38512918,342873185,47.099998474121094,20211001,100.0,-199593,-13681584,0,0.0,0,0.0,0.0
20210930,0,99900,103500,99600,103000,3000,3910557,398750000000,1238432,728002000,74984206000000,72800236,38491874,343083616,47.130001068115234,20210930,100.0,-132033,-13481991,0,0.0,0,0.0,0.0
20210929,0,101000,102000,99700,100000,-3500,6353977,637440000000,3932778,728002000,72800200000000,72800236,38599953,342002834,46.97999954223633,20210929,100.0,-663383,-13349958,0,0.0,0,0.0,0.0
20210928,0,105000,105500,103000,103500,-1000,2951945,306328000000,1613902,728002000,75348207000000,72800236,38581784,342184517,47.0,20210928,100.0,-372847,-12686575,0,0.0,0,0.0,0.0
20210927,0,104000,105500,103500,104500,500,1839358,192457000000,896306,728002000,76076209000000,72800236,38578102,342221345,47.0099983215332,20210927,100.0,-71281,-12313728,0,0.0,0,0.0,0.0
20210924,0,106000,106500,104000,104000,-1500,2236954,234365000000,1209179,728002000,75712208000000,72800236,38604850,341953857,46.970001220703125,20210924,100.0,-75759,-12242447,0,0.0,0,0.0,0.0
20210923,0,105500,107000,105000,105500,-1500,2493313,264308000000,1317948,728002000,76804211000000,72800236,38675621,341246155,46.869998931884766,20210923,100.0,30396,-12166688,0,0.0,0,0.0,0.0
20210917,0,104500,107500,104000,107000,3000,3386517,359101000000,967713,728002000,77896214000000,72800236,38664521,341357148,46.88999938964844,20210917,100.0,-20367,-12197084,0,0.0,0,0.0,0.0
20210916,0,107000,107500,104000,104000,-3500,3602821,377545000000,2002596,728002000,75712208000000,72800236,38792426,340078101,46.709999084472656,20210916,100.0,-356532,-12176717,0,0.0,0,0.0,0.0
20210915,0,107500,107500,105500,107500,0,2933797,313066000000,1323985,728002000,78260215000000,72800236,38703589,340966475,46.84000015258789,20210915,100.0,-201885,-11820185,0,0.0,0,0.0,0.0
20210914,0,107500,108500,106500,107500,1000,2463248,265229000000,709929,728002000,78260215000000,72800236,38750746,340494900,46.77000045776367,20210914,100.0,496881,-11618300,0,0.0,0,0.0,0.0
20210913,0,105000,107000,104000,106500,1500,1923344,203946000000,577813,728002000,77532213000000,72800236,38808327,339919088,46.689998626708984,20210913,100.0,195590,-12115181,0,0.0,0,0.0,0.0
20210910,0,103500,105500,103000,105000,2000,1999369,208766000000,825122,728002000,76440210000000,72800236,38871023,339292131,46.61000061035156,20210910,100.0,91792,-12310771,0,0.0,0,0.0,0.0
20210909,0,105000,106000,103000,103000,-3000,3233011,335548000000,1446005,728002000,74984206000000,72800236,38905456,338947804,46.560001373291016,20210909,100.0,-481725,-12402563,0,0.0,0,0.0,0.0
20210908,0,104000,107500,103500,106000,1500,2891267,306050000000,1128987,728002000,77168212000000,72800236,38857495,339427414,46.619998931884766,20210908,100.0,-118875,-11920838,0,0.0,0,0.0,0.0
20210907,0,105500,106000,104000,104500,-1500,2547667,266815000000,1451481,728002000,76076209000000,72800236,38970068,338301681,46.470001220703125,20210907,100.0,-242528,-11801963,0,0.0,0,0.0,0.0
20210906,0,106500,107000,105000,106000,-1000,1888595,200100000000,955063,728002000,77168212000000,72800236,38979372,338208639,46.459999084472656,20210906,100.0,-66014,-11559435,0,0.0,0,0.0,0.0
20210903,0,106500,107500,106000,107000,500,2513486,268191000000,1405308,728002000,77896214000000,72800236,38977410,338228264,46.459999084472656,20210903,100.0,-299133,-11493421,0,0.0,0,0.0,0.0
20210902,0,108000,108500,106000,106500,-1500,2724565,291367000000,1409903,728002000,77532213000000,72800236,39008003,337922329,46.41999816894531,20210902,100.0,-203559,-11194288,0,0.0,0,0.0,0.0
20210901,0,106000,108000,104500,108000,1500,4736183,504302000000,1895417,728002000,78624216000000,72800236,39002799,337974371,46.41999816894531,20210901,100.0,-82869,-10990729,0,0.0,0,0.0,0.0
20210831,0,103500,106500,102000,106500,3000,4979276,520812000000,1431782,728002000,77532213000000,72800236,39080487,337197491,46.31999969482422,20210831,100.0,104420,-10907860,0,0.0,0,0.0,0.0
20210830,0,105000,105500,103500,103500,0,1815758,188840000000,978820,728002000,75348207000000,72800236,39172796,336274402,46.189998626708984,20210830,100.0,-26535,-11012280,0,0.0,0,0.0,0.0
20210827,0,103500,104500,101000,103500,-500,3507782,360580000000,1964720,728002000,75348207000000,72800236,39164310,336359258,46.20000076293945,20210827,100.0,-71981,-10985745,0,0.0,0,0.0,0.0
20210826,0,106000,106500,103500,104000,500,3694741,387620000000,2077254,728002000,75712208000000,72800236,39177065,336231712,46.189998626708984,20210826,100.0,-135577,-10913764,0,0.0,0,0.0,0.0
20210825,0,106000,106000,102500,103500,-1500,3194555,331965000000,1951860,728002000,75348207000000,72800236,39241814,335584220,46.099998474121094,20210825,100.0,-283130,-10778187,0,0.0,0,0.0,0.0
20210824,0,104500,105500,104000,105000,2000,4454743,467564000000,1939915,728002000,76440210000000,72800236,39214583,335856532,46.130001068115234,20210824,100.0,87961,-10495057,0,0.0,0,0.0,0.0
20210823,0,104500,105000,103000,103000,500,4515699,470161000000,1805468,728002000,74984206000000,72800236,39263234,335370016,46.06999969482422,20210823,100.0,160612,-10583018,0,0.0,0,0.0,0.0
20210820,0,104000,104500,102000,102500,0,4719139,485591000000,2297037,728002000,74620205000000,72800236,39247886,335523498,46.09000015258789,20210820,100.0,20224,-10743630,0,0.0,0,0.0,0.0
20210819,0,103000,105500,101500,102500,-1500,6161038,635489000000,3216481,728002000,74620205000000,72800236,39269302,335309341,46.060001373291016,20210819,100.0,-339907,-10763854,0,0.0,0,0.0,0.0
20210818,0,103000,105500,101500,104000,2500,8047599,833497000000,3000635,728002000,75712208000000,72800236,39324131,334761046,45.97999954223633,20210818,100.0,104560,-10423947,0,0.0,0,0.0,0.0
20210817,0,101000,103500,100500,101500,0,7851717,799844000000,2760876,728002000,73892203000000,72800236,39435599,333646368,45.83000183105469,20210817,100.0,217003,-10528507,0,0.0,0,0.0,0.0
20210813,0,99600,101500,98900,101500,1000,11622957,1163592000000,5262830,728002000,73892203000000,72800236,39512428,332878076,45.720001220703125,20210813,100.0,143486,-10745510,0,0.0,0,0.0,0.0
20210812,0,102000,104000,99800,100500,-5000,19150647,1936648000000,11246659,728002000,73164201000000,72800236,39284913,335153234,46.040000915527344,20210812,100.0,399031,-10888996,0,0.0,0,0.0,0.0
20210811,0,109000,110000,105000,105500,-7000,13715267,1465523000000,8726756,728002000,76804211000000,72800236,38449474,343507624,47.18000030517578,20210811,100.0,-543344,-11288027,0,0.0,0,0.0,0.0
20210810,0,115000,115500,112000,112500,-3500,5420223,611419000000,3387831,728002000,81900225000000,72800236,37817024,349832120,48.04999923706055,20210810,100.0,-971705,-10744683,0,0.0,0,0.0,0.0
20210809,0,117500,118000,116000,116000,-2000,2755724,321255000000,1608809,728002000,84448232000000,72800236,37599847,352003894,48.349998474121094,20210809,100.0,-371853,-9772978,0,0.0,0,0.0,0.0
20210806,0,119000,119500,117500,118000,-2000,2209875,261328000000,1203954,728002000,85904236000000,72800236,37564054,352361819,48.400001525878906,20210806,100.0,-363772,-9401125,0,0.0,0,0.0,0.0
20210805,0,121000,121500,118000,120000,-1000,3491584,417742000000,1849983,728002000,87360240000000,72800236,37561388,352388478,48.400001525878906,20210805,100.0,104711,-9037353,0,0.0,0,0.0,0.0
20210804,0,122000,123000,120500,121000,1000,4162635,506426000000,1972275,728002000,88088242000000,72800236,37526144,352740922,48.45000076293945,20210804,100.0,491955,-9142064,0,0.0,0,0.0,0.0
20210803,0,118000,120500,117000,120000,4000,4396423,525012000000,1077987,728002000,87360240000000,72800236,37525430,352748065,48.45000076293945,20210803,100.0,535874,-9634019,0,0.0,0,0.0,0.0
20210802,0,113500,117000,113000,116000,3500,4276730,492895000000,1080054,728002000,84448232000000,72800236,37581838,352183985,48.380001068115234,20210802,100.0,858360,-10169893,0,0.0,0,0.0,0.0
20210730,0,114000,114000,112500,112500,-1500,2888566,326825000000,1234928,728002000,81900225000000,72800236,37597184,352030518,48.36000061035156,20210730,100.0,-148743,-11028253,0,0.0,0,0.0,0.0
20210729,0,115000,115500,113000,114000,0,3054699,348088000000,1575405,728002000,82992228000000,72800236,37578861,352213755,48.380001068115234,20210729,100.0,-12311,-10879510,0,0.0,0,0.0,0.0
20210728,0,115000,115500,112500,114000,-2000,6033084,686797000000,3814839,728002000,82992228000000,72800236,37526471,352737651,48.45000076293945,20210728,100.0,-304289,-10867199,0,0.0,0,0.0,0.0
20210727,0,118000,119000,116000,116000,-1000,2916330,341653000000,1790930,728002000,84448232000000,72800236,37341037,354591989,48.709999084472656,20210727,100.0,-16720,-10562910,0,0.0,0,0.0,0.0
20210726,0,119500,120000,117000,117000,-1500,1836657,216666000000,1073076,728002000,85176234000000,72800236,37281691,355185447,48.790000915527344,20210726,100.0,-185893,-10546190,0,0.0,0,0.0,0.0
20210723,0,118500,119000,117500,118500,-1000,1747651,206437000000,961714,728002000,86268237000000,72800236,37271858,355283783,48.79999923706055,20210723,100.0,122161,-10360297,0,0.0,0,0.0,0.0
20210722,0,118000,120000,118000,119500,2500,1919233,229044000000,861431,728002000,86996239000000,72800236,37225531,355747055,48.869998931884766,20210722,100.0,453774,-10482458,0,0.0,0,0.0,0.0
20210721,0,119500,120000,116500,117000,-1500,2864601,336751000000,1828630,728002000,85176234000000,72800236,37221742,355784939,48.869998931884766,20210721,100.0,-223511,-10936232,0,0.0,0,0.0,0.0
20210720,0,117500,119500,117500,118500,-500,2070074,245209000000,810307,728002000,86268237000000,72800236,37161358,356388776,48.95000076293945,20210720,100.0,132929,-10712721,0,0.0,0,0.0,0.0
20210719,0,119000,120000,118500,119000,-2500,2066638,246069000000,1329001,728002000,86632238000000,72800236,37108430,356918058,49.029998779296875,20210719,100.0,-449113,-10845650,0,0.0,0,0.0,0.0
20210716,0,122000,122500,120500,121500,-2000,2905546,352105000000,1563806,728002000,88452243000000,72800236,37059401,357408348,49.09000015258789,20210716,100.0,-417976,-10396537,0,0.0,0,0.0,0.0
20210715,0,123500,124000,122500,123500,0,1500981,185186000000,641435,728002000,89908247000000,72800236,37046738,357534976,49.11000061035156,20210715,100.0,96255,-9978561,0,0.0,0,0.0,0.0
20210714,0,122500,124000,121500,123500,500,2443087,300252000000,1035837,728002000,89908247000000,72800236,37018231,357820055,49.150001525878906,20210714,100.0,-106894,-10074816,0,0.0,0,0.0,0.0
20210713,0,121000,123500,121000,123000,3000,2879072,353149000000,1020496,728002000,89544246000000,72800236,37059707,357405293,49.09000015258789,20210713,100.0,116372,-9967922,0,0.0,0,0.0,0.0
20210712,0,121000,122000,119500,120000,500,2477201,298969000000,1457260,728002000,87360240000000,72800236,37141625,356586109,48.97999954223633,20210712,100.0,-65203,-10084294,0,0.0,0,0.0,0.0
20210709,0,120500,120500,118000,119500,-2000,4823577,572864000000,2412153,728002000,86996239000000,72800236,37120501,356797352,49.0099983215332,20210709,100.0,-439187,-10019091,0,0.0,0,0.0,0.0
20210708,0,123500,123500,121000,121500,-2000,3165552,385948000000,2086050,728002000,88452243000000,72800236,36991367,358088689,49.189998626708984,20210708,100.0,-172724,-9579904,0,0.0,0,0.0,0.0
20210707,0,125000,125500,122500,123500,-1500,2229140,275048000000,1272371,728002000,89908247000000,72800236,36896576,359036596,49.31999969482422,20210707,100.0,-287853,-9407180,0,0.0,0,0.0,0.0
20210706,0,124000,126000,123500,125000,2000,2067135,258715000000,901144,728002000,91000250000000,72800236,36872705,359275310,49.349998474121094,20210706,100.0,164759,-9119327,0,0.0,0,0.0,0.0
20210705,0,123500,124500,122500,123000,500,1632551,201788000000,762025,728002000,89544246000000,72800236,36830548,359696880,49.40999984741211,20210705,100.0,106019,-9284086,0,0.0,0,0.0,0.0
20210702,0,122500,123500,121500,122500,-2000,3983921,488166000000,2195205,728002000,89180245000000,72800236,36753978,360462582,49.5099983215332,20210702,100.0,-886934,-9390105,0,0.0,0,0.0,0.0
20210701,0,127500,128000,124000,124500,-3000,3336174,417469000000,2306642,728002000,90636249000000,72800236,36626991,361732450,49.689998626708984,20210701,100.0,-716273,-8503171,0,0.0,0,0.0,0.0
20210630,0,126500,129500,126000,127500,2500,4346027,557285000000,1141141,728002000,92820255000000,72800236,36544654,362555822,49.79999923706055,20210630,100.0,125499,-7786898,0,0.0,0,0.0,0.0
20210629,0,127500,128000,125000,125000,-1000,2211572,278679000000,1121444,728002000,91000250000000,72800236,36714202,360860338,49.56999969482422,20210629,100.0,-195380,-7912397,0,0.0,0,0.0,0.0
20210628,0,129000,129500,126000,126000,-2500,2402730,305055000000,1348326,728002000,91728252000000,72800236,36685764,361144718,49.61000061035156,20210628,100.0,-68762,-7717017,0,0.0,0,0.0,0.0
20210625,0,128000,129000,127500,128500,2500,2531018,324808000000,883804,728002000,93548257000000,72800236,36720689,360795470,49.560001373291016,20210625,100.0,835511,-7648255,0,0.0,0,0.0,0.0
20210624,0,124000,126500,123500,126000,2000,2646407,332401000000,796131,728002000,91728252000000,72800236,36734502,360657339,49.540000915527344,20210624,100.0,480530,-8483766,0,0.0,0,0.0,0.0
20210623,0,122500,124500,122000,124000,2000,2703658,333504000000,1040494,728002000,90272248000000,72800236,36767966,360322696,49.4900016784668,20210623,100.0,24635,-8964296,0,0.0,0,0.0,0.0
20210622,0,122500,123500,122000,122000,0,2179712,266502000000,1303433,728002000,88816244000000,72800236,36824283,359759533,49.41999816894531,20210622,100.0,-274550,-8988931,0,0.0,0,0.0,0.0
20210621,0,121000,123000,120500,122000,-2500,3275288,398860000000,1541606,728002000,88816244000000,72800236,36879429,359208068,49.34000015258789,20210621,100.0,-595651,-8714381,0,0.0,0,0.0,0.0
20210618,0,127500,127500,124500,124500,-2000,2506112,314308000000,1199649,728002000,90636249000000,72800236,36797850,360023862,49.45000076293945,20210618,100.0,-175607,-8118730,0,0.0,0,0.0,0.0
20210617,0,127000,128000,126000,126500,-3000,2123793,268808000000,1110074,728002000,92092253000000,72800236,36718663,360815734,49.560001373291016,20210617,100.0,-417179,-7943123,0,0.0,0,0.0,0.0
20210616,0,128000,129500,127000,129500,1000,1893752,243902000000,642636,728002000,94276259000000,72800236,36682509,361177267,49.61000061035156,20210616,100.0,122857,-7525944,0,0.0,0,0.0,0.0
20210615,0,128500,129500,128000,128500,1500,1975082,254016000000,999241,728002000,93548257000000,72800236,36718263,360819732,49.560001373291016,20210615,100.0,191681,-7648801,0,0.0,0,0.0,0.0
20210614,0,127000,127500,125500,127000,-1000,2022730,256164000000,938323,728002000,92456254000000,72800236,36754316,360459200,49.5099983215332,20210614,100.0,-57845,-7840482,0,0.0,0,0.0,0.0
20210611,0,124500,128500,124000,128000,5000,4868608,616364000000,1305786,728002000,93184256000000,72800236,36753579,360466566,49.5099983215332,20210611,100.0,523293,-7782637,0,0.0,0,0.0,0.0
20210610,0,122500,124000,120500,123000,500,4533076,555658000000,1595016,728002000,89544246000000,72800236,36904039,358961967,49.310001373291016,20210610,100.0,-488846,-8305930,0,0.0,0,0.0,0.0
20210609,0,125500,126000,122500,122500,-5000,6087592,753815000000,3698311,728002000,89180245000000,72800236,36921152,358790838,49.279998779296875,20210609,100.0,-924300,-7817084,0,0.0,0,0.0,0.0
20210608,0,127000,127500,125000,127500,-1000,4194955,530431000000,2141204,728002000,92820255000000,72800236,36785813,360144226,49.470001220703125,20210608,100.0,-236615,-6892784,0,0.0,0,0.0,0.0
20210607,0,129500,130000,128000,128500,0,2562918,330496000000,1232790,728002000,93548257000000,72800236,36836820,359634159,49.400001525878906,20210607,100.0,108300,-6656169,0,0.0,0,0.0,0.0
20210604,0,127500,129000,126500,128500,-500,2555891,326224000000,1115335,728002000,93548257000000,72800236,36840427,359598086,49.400001525878906,20210604,100.0,-252943,-6764469,0,0.0,0,0.0,0.0
20210603,0,127000,130000,126500,129000,3000,3353993,431739000000,1032792,728002000,93912258000000,72800236,36884610,359156263,49.33000183105469,20210603,100.0,438168,-6511526,0,0.0,0,0.0,0.0
20210602,0,128500,129000,125500,126000,-2500,2885654,366064000000,1770793,728002000,91728252000000,72800236,36947599,358526366,49.25,20210602,100.0,-366035,-6949694,0,0.0,0,0.0,0.0
20210601,0,127000,129000,126000,128500,1500,2819179,361144000000,1025222,728002000,93548257000000,72800236,36933148,358670878,49.27000045776367,20210601,100.0,633621,-6583659,0,0.0,0,0.0,0.0
20210531,0,126000,127000,124000,127000,2000,2448074,307757000000,1049240,728002000,92456254000000,72800236,36944601,358556353,49.25,20210531,100.0,-108273,-7217280,0,0.0,0,0.0,0.0
20210528,0,126500,126500,124000,125000,-500,2332971,292477000000,935869,728002000,91000250000000,72800236,36999257,358009792,49.18000030517578,20210528,100.0,367992,-7109007,0,0.0,0,0.0,0.0
20210527,0,124500,126000,123000,125500,2500,4539067,565960000000,1103493,728002000,91364251000000,72800236,36959792,358404441,49.22999954223633,20210527,100.0,110080,-7476999,0,0.0,0,0.0,0.0
20210526,0,124000,124500,122000,123000,0,3015522,371449000000,1323615,728002000,89544246000000,72800236,37046466,357537700,49.11000061035156,20210526,100.0,59308,-7587079,0,0.0,0,0.0,0.0
20210525,0,121500,123000,120500,123000,3500,3258364,397750000000,1267069,728002000,89544246000000,72800236,37091268,357089680,49.04999923706055,20210525,100.0,289619,-7646387,0,0.0,0,0.0,0.0
20210524,0,122000,122500,119000,119500,-3000,3188734,382902000000,2040798,728002000,86996239000000,72800236,37160781,356394547,48.959999084472656,20210524,100.0,-424980,-7936006,0,0.0,0,0.0,0.0
20210521,0,124500,125500,121000,122500,0,4062695,500739000000,1752092,728002000,89180245000000,72800236,37169006,356312296,48.939998626708984,20210521,100.0,-58678,-7511026,0,0.0,0,0.0,0.0
20210520,0,121000,124000,119500,122500,1500,4600751,562460000000,1779461,728002000,89180245000000,72800236,37165136,356350997,48.95000076293945,20210520,100.0,210780,-7452348,0,0.0,0,0.0,0.0
20210518,0,117500,122000,117500,121000,3500,3470048,418341000000,1048008,728002000,88088242000000,72800236,37167481,356327546,48.95000076293945,20210518,100.0,734916,-7663128,0,0.0,0,0.0,0.0
20210517,0,120000,120000,117000,117500,-1000,3110127,367395000000,1608355,728002000,85540235000000,72800236,37168052,356321839,48.95000076293945,20210517,100.0,68573,-8398044,0,0.0,0,0.0,0.0
20210514,0,118500,120000,118000,118500,1000,3227201,383651000000,1351125,728002000,86268237000000,72800236,37136469,356637668,48.9900016784668,20210514,100.0,54569,-8466617,0,0.0,0,0.0,0.0
20210513,0,116000,118500,115500,117500,-2000,6042025,707491000000,2610554,728002000,85540235000000,72800236,37077311,357229251,49.06999969482422,20210513,100.0,-152122,-8521186,0,0.0,0,0.0,0.0
20210512,0,123000,123500,119000,119500,-3500,8272196,998375000000,4902046,728002000,86996239000000,72800236,37045450,357547856,49.11000061035156,20210512,100.0,-241629,-8369064,0,0.0,0,0.0,0.0
20210511,0,127000,127500,122000,123000,-7000,9882491,1225766000000,6576597,728002000,89544246000000,72800236,36892581,359076555,49.31999969482422,20210511,100.0,-1736420,-8127435,0,0.0,0,0.0,0.0
20210510,0,131000,131000,128500,130000,500,3067077,398135000000,1561286,728002000,94640260000000,72800236,36562073,362381627,49.779998779296875,20210510,100.0,60102,-6391015,0,0.0,0,0.0,0.0
20210507,0,128000,131000,127000,129500,500,3450323,445021000000,1655029,728002000,94276259000000,72800236,36512738,362874985,49.849998474121094,20210507,100.0,137441,-6451117,0,0.0,0,0.0,0.0
20210506,0,130000,130500,128000,129000,-3000,4211535,543181000000,2548983,728002000,93912258000000,72800236,36519774,362804619,49.84000015258789,20210506,100.0,-139669,-6588558,0,0.0,0,0.0,0.0
20210504,0,130500,132000,129000,132000,500,2547004,333538000000,1160419,728002000,96096264000000,72800236,36434383,363658531,49.95000076293945,20210504,100.0,63662,-6448889,0,0.0,0,0.0,0.0
20210503,0,127500,132500,127000,131500,3500,4085398,534204000000,1649608,728002000,95732263000000,72800236,36467394,363328425,49.90999984741211,20210503,100.0,-321040,-6512551,0,0.0,0,0.0,0.0
20210430,0,130000,130500,126500,128000,-2000,3955947,506549000000,2228691,728002000,93184256000000,72800236,36510001,362902348,49.849998474121094,20210430,100.0,-221514,-6191511,0,0.0,0,0.0,0.0
20210429,0,132000,133000,129000,130000,0,3738266,487222000000,2223272,728002000,94640260000000,72800236,36480097,363201391,49.88999938964844,20210429,100.0,-349006,-5969997,0,0.0,0,0.0,0.0
20210428,0,134500,135000,130000,130000,-5000,5596760,734188000000,3001245,728002000,94640260000000,72800236,36445397,363548391,49.939998626708984,20210428,100.0,-286955,-5620991,0,0.0,0,0.0,0.0
20210427,0,133000,136000,132500,135000,3500,3394650,455614000000,998702,728002000,98280270000000,72800236,36337159,364630773,50.09000015258789,20210427,100.0,333697,-5334036,0,0.0,0,0.0,0.0
20210426,0,132500,132500,130500,131500,-1000,2904879,381267000000,1475350,728002000,95732263000000,72800236,36382969,364172675,50.02000045776367,20210426,100.0,10439,-5667733,0,0.0,0,0.0,0.0
20210423,0,130500,132500,128500,132500,-500,4854412,633955000000,1905360,728002000,96460265000000,72800236,36327200,364730365,50.099998474121094,20210423,100.0,-422924,-5678172,0,0.0,0,0.0,0.0
20210422,0,134500,135500,133000,133000,500,3007457,402387000000,1518920,728002000,96824266000000,72800236,36290239,365099967,50.150001525878906,20210422,100.0,-352565,-5255248,0,0.0,0,0.0,0.0
20210421,0,138000,138000,132000,132500,-6000,5120577,689155000000,3522308,728002000,96460265000000,72800236,36289139,365110970,50.150001525878906,20210421,100.0,-852859,-4902683,0,0.0,0,0.0,0.0
20210420,0,136500,138500,136500,138500,500,2167732,297980000000,924780,728002000,100828277000000,72800236,36118486,366817501,50.38999938964844,20210420,100.0,17911,-4049824,0,0.0,0,0.0,0.0
20210419,0,138000,139000,137000,138000,500,1906782,263337000000,988140,728002000,100464276000000,72800236,36117539,366826971,50.38999938964844,20210419,100.0,-260729,-4067735,0,0.0,0,0.0,0.0
20210416,0,138500,139000,137500,137500,0,1982877,273899000000,839261,728002000,100100275000000,72800236,36129714,366705217,50.369998931884766,20210416,100.0,-363510,-3807006,0,0.0,0,0.0,0.0
20210415,0,136000,139000,136000,137500,500,2291160,315231000000,1032904,728002000,100100275000000,72800236,36133539,366666971,50.369998931884766,20210415,100.0,-141892,-3443496,0,0.0,0,0.0,0.0
20210414,0,139000,139000,136500,137000,-2500,2777203,381903000000,1587638,728002000,99736274000000,72800236,36110944,366892918,50.400001525878906,20210414,100.0,-263305,-3301604,0,0.0,0,0.0,0.0
20210413,0,136000,140000,135500,139500,2000,2876178,398265000000,1230711,728002000,101556279000000,72800236,36059351,367408855,50.470001220703125,20210413,100.0,-90750,-3038299,0,0.0,0,0.0,0.0
20210412,0,140500,140500,136000,137500,-2500,3878457,534354000000,2416719,728002000,100100275000000,72800236,36087009,367132269,50.43000030517578,20210412,100.0,-386160,-2947549,0,0.0,0,0.0,0.0
20210409,0,144000,145000,139500,140000,-4000,3276077,464472000000,1983370,728002000,101920280000000,72800236,36036106,367641302,50.5,20210409,100.0,-212952,-2561389,0,0.0,0,0.0,0.0
20210408,0,143500,146000,142500,144000,500,3774932,543862000000,1553068,728002000,104832288000000,72800236,36012153,367880834,50.529998779296875,20210408,100.0,-189623,-2348437,0,0.0,0,0.0,0.0
20210407,0,146000,146000,142500,143500,500,2424687,348944000000,1103590,728002000,104468287000000,72800236,35935292,368649442,50.63999938964844,20210407,100.0,-226082,-2158814,0,0.0,0,0.0,0.0
20210406,0,147000,147000,141500,143000,0,3753217,540575000000,2007149,728002000,104104286000000,72800236,35952880,368473561,50.61000061035156,20210406,100.0,-178679,-1932732,0,0.0,0,0.0,0.0
20210405,0,142000,144500,141000,143000,2000,2616440,373550000000,1073669,728002000,104104286000000,72800236,35950454,368497819,50.619998931884766,20210405,100.0,12994,-1754053,0,0.0,0,0.0,0.0
20210402,0,142000,143000,140000,141000,500,3432245,485468000000,1631619,728002000,102648282000000,72800236,35976153,368240826,50.58000183105469,20210402,100.0,50479,-1767047,0,0.0,0,0.0,0.0
20210401,0,138000,140500,136500,140500,8000,5833436,807748000000,1981001,728002000,102284281000000,72800236,35974898,368253381,50.58000183105469,20210401,100.0,-84215,-1817526,0,0.0,0,0.0,0.0
20210331,0,134500,135000,132000,132500,-2000,3309680,441277000000,1776353,728002000,96460265000000,72800236,36222104,365781322,50.2400016784668,20210331,100.0,-513155,-1733311,0,0.0,0,0.0,0.0
20210330,0,133000,135500,132000,134500,2500,3304184,443219000000,1395453,728002000,97916269000000,72800236,36174389,366258475,50.310001373291016,20210330,100.0,56630,-1220156,0,0.0,0,0.0,0.0
20210329,0,135500,135500,131500,132000,-3000,3575226,476795000000,1947855,728002000,96096264000000,72800236,36210519,365897169,50.2599983215332,20210329,100.0,-346845,-1276786,0,0.0,0,0.0,0.0
20210326,0,134000,135000,132000,135000,2000,3835443,513429000000,1660293,728002000,98280270000000,72800236,36234424,365658118,50.22999954223633,20210326,100.0,-136017,-929941,0,0.0,0,0.0,0.0
20210325,0,133000,134500,130500,133000,-500,4157799,550755000000,2322132,728002000,96824266000000,72800236,36400368,363998681,50.0,20210325,100.0,-256120,-793924,0,0.0,0,0.0,0.0
20210324,0,133000,134500,131500,133500,-1500,3894080,517991000000,1937966,728002000,97188267000000,72800236,36377538,364226984,50.029998779296875,20210324,100.0,-751782,-537804,0,0.0,0,0.0,0.0
20210323,0,139000,139500,134000,135000,-3000,3839090,523291000000,2633134,728002000,98280270000000,72800236,36373935,364263010,50.040000915527344,20210323,100.0,-585930,213978,0,0.0,0,0.0,0.0
20210322,0,138500,140000,137000,138000,0,2727719,377823000000,1337581,728002000,100464276000000,72800236,36338088,364621480,50.09000015258789,20210322,100.0,-234114,799908,0,0.0,0,0.0,0.0
20210319,0,138000,139500,137000,138000,-4000,4015627,555490000000,2107011,728002000,100464276000000,72800236,36338140,364620963,50.09000015258789,20210319,100.0,-563616,1034022,0,0.0,0,0.0,0.0
20210318,0,142500,145000,141000,142000,2000,4426840,634075000000,2059515,728002000,103376284000000,72800236,36298163,365020730,50.13999938964844,20210318,100.0,-115017,1597638,0,0.0,0,0.0,0.0
20210317,0,141000,141000,138500,140000,-500,2588319,361509000000,1177421,728002000,101920280000000,72800236,36375121,364251151,50.029998779296875,20210317,100.0,-21557,1712655,0,0.0,0,0.0,0.0
20210316,0,138500,140500,138000,140500,4000,3304561,461098000000,1198838,728002000,102284281000000,72800236,36368345,364318910,50.040000915527344,20210316,100.0,278845,1734212,0,0.0,0,0.0,0.0
20210315,0,141500,142000,136000,136500,-3500,4289990,594536000000,2467554,728002000,99372273000000,72800236,36409663,363905732,49.9900016784668,20210315,100.0,-398378,1455367,0,0.0,0,0.0,0.0
20210312,0,140500,142500,139500,140000,3000,4548695,640530000000,1970208,728002000,101920280000000,72800236,36340028,364602080,50.08000183105469,20210312,100.0,454287,1853745,0,0.0,0,0.0,0.0
20210311,0,134500,139000,134000,137000,4000,6707671,918736000000,2270027,728002000,99736274000000,72800236,36381875,364183615,50.029998779296875,20210311,100.0,-1361119,1399458,0,0.0,0,0.0,0.0
20210310,0,140500,140500,132500,133000,-3500,5614476,763401000000,3223179,728002000,96824266000000,72800236,36568818,362314180,49.77000045776367,20210310,100.0,-375875,2760577,0,0.0,0,0.0,0.0
20210309,0,134000,137500,130500,136500,1000,7822152,1043443000000,3815634,728002000,99372273000000,72800236,36592544,362076921,49.7400016784668,20210309,100.0,352506,3136452,0,0.0,0,0.0,0.0
20210308,0,143000,143000,135500,135500,-4500,5587787,775259000000,3201657,728002000,98644271000000,72800236,36505878,362943584,49.849998474121094,20210308,100.0,-422521,2783946,0,0.0,0,0.0,0.0
20210305,0,138000,141500,136500,140000,-2000,6091444,844271000000,2947197,728002000,101920280000000,72800236,36465015,363352207,49.90999984741211,20210305,100.0,-502147,3206467,0,0.0,0,0.0,0.0
20210304,0,143000,145500,139500,142000,-5000,6586562,938397000000,3532860,728002000,103376284000000,72800236,36389919,364103167,50.0099983215332,20210304,100.0,-116159,3708614,0,0.0,0,0.0,0.0
20210303,0,142500,147000,139500,147000,2500,5827221,839569000000,2491648,728002000,107016294000000,72800236,36195090,366051456,50.279998779296875,20210303,100.0,356316,3824773,0,0.0,0,0.0,0.0
20210302,0,149000,150500,141000,144500,3000,9376523,1365280000000,4667832,728002000,105196289000000,72800236,36200761,365994753,50.27000045776367,20210302,100.0,230126,3468457,0,0.0,0,0.0,0.0
20210226,0,143500,145000,138000,141500,-7000,10843268,1535499000000,5071685,728002000,103012283000000,72800236,36177820,366224163,50.310001373291016,20210226,100.0,-637625,3238331,0,0.0,0,0.0,0.0
20210225,0,141000,149500,140000,148500,12500,9936495,1438188000000,3511063,728002000,108108297000000,72800236,35919540,368806956,50.65999984741211,20210225,100.0,278965,3875956,0,0.0,0,0.0,0.0
20210224,0,137500,143500,134000,136000,-2500,9074809,1264051000000,4454944,728002000,99008272000000,72800236,36137240,366629965,50.36000061035156,20210224,100.0,115073,3596991,0,0.0,0,0.0,0.0
20210223,0,133500,140000,131500,138500,2000,6400037,873598000000,2614076,728002000,100828277000000,72800236,36125751,366744854,50.380001068115234,20210223,100.0,598452,3481918,0,0.0,0,0.0,0.0
20210222,0,136000,139500,135000,136500,3500,7961516,1092812000000,3185058,728002000,99372273000000,72800236,36163875,366363613,50.31999969482422,20210222,100.0,496634,2883466,0,0.0,0,0.0,0.0
20210219,0,129000,133000,128500,133000,7000,6986526,914800000000,2279185,728002000,96824266000000,72800236,36225150,365750865,50.2400016784668,20210219,100.0,432975,2386832,0,0.0,0,0.0,0.0
20210218,0,128500,130000,125500,126000,-4000,3792425,481975000000,2199590,728002000,91728252000000,72800236,36412621,363876155,49.97999954223633,20210218,100.0,-443653,1953857,0,0.0,0,0.0,0.0
20210217,0,131000,131000,128000,130000,-2500,3621178,468148000000,1887324,728002000,94640260000000,72800236,36369218,364310183,50.040000915527344,20210217,100.0,-762612,2397510,0,0.0,0,0.0,0.0
20210216,0,132500,134000,130500,132500,500,3218689,425573000000,1423158,728002000,96460265000000,72800236,36350606,364496296,50.06999969482422,20210216,100.0,-306119,3160122,0,0.0,0,0.0,0.0
20210215,0,130000,132500,130000,132000,6000,5384526,706594000000,1962066,728002000,96096264000000,72800236,36369799,364304369,50.040000915527344,20210215,100.0,334841,3466241,0,0.0,0,0.0,0.0
20210210,0,125500,127000,124500,126000,500,4262526,535407000000,1362667,728002000,91728252000000,72800236,36492196,363080396,49.869998931884766,20210210,100.0,-622642,3131400,0,0.0,0,0.0,0.0
20210209,0,127500,130000,125000,125500,500,5177095,661250000000,2653572,728002000,91364251000000,72800236,36527491,362727449,49.83000183105469,20210209,100.0,580679,3754042,0,0.0,0,0.0,0.0
20210208,0,127500,128000,125000,125000,-2500,2876471,363163000000,1719772,728002000,91000250000000,72800236,36486773,363134626,49.880001068115234,20210208,100.0,173124,3173363,0,0.0,0,0.0,0.0
20210205,0,126500,128000,124500,127500,2500,3497303,441554000000,1741763,728002000,92820255000000,72800236,36413227,363870087,49.97999954223633,20210205,100.0,177609,3000239,0,0.0,0,0.0,0.0
20210204,0,127500,128500,124000,125000,-5000,4600618,577966000000,2665030,728002000,91000250000000,72800236,36432111,363681255,49.959999084472656,20210204,100.0,-1425707,2822630,0,0.0,0,0.0,0.0
20210203,0,131000,131500,128500,130000,0,3693688,480587000000,1777891,728002000,94640260000000,72800236,36422260,363779762,49.970001220703125,20210203,100.0,-94961,4248337,0,0.0,0,0.0,0.0
20210202,0,128500,132500,127000,130000,5000,4880067,633539000000,1800377,728002000,94640260000000,72800236,36446774,363534622,49.939998626708984,20210202,100.0,539882,4343298,0,0.0,0,0.0,0.0
20210201,0,121000,126000,118000,125000,2500,5620305,690136000000,2445664,728002000,91000250000000,72800236,36478891,363213452,49.88999938964844,20210201,100.0,518860,3803416,0,0.0,0,0.0,0.0
20210129,0,128500,128500,121500,122500,-500,7391307,921708000000,3560727,728002000,89180245000000,72800236,36440255,363599812,49.939998626708984,20210129,100.0,-122661,3284556,0,0.0,0,0.0,0.0
20210128,0,124000,125500,121500,123000,-5500,6270829,774836000000,3425603,728002000,89544246000000,72800236,36456550,363436865,49.91999816894531,20210128,100.0,-439912,3407217,0,0.0,0,0.0,0.0
20210127,0,129500,132000,127500,128500,-500,5068456,656028000000,2583386,728002000,93548257000000,72800236,36317803,364824335,50.11000061035156,20210127,100.0,311869,3847129,0,0.0,0,0.0,0.0
20210126,0,134000,134000,128500,129000,-6000,6270106,816275000000,3520993,728002000,93912258000000,72800236,36308011,364922248,50.130001068115234,20210126,100.0,-927292,3535260,0,0.0,0,0.0,0.0
20210125,0,130000,135000,129500,135000,6500,5061864,675658000000,1916985,728002000,98280270000000,72800236,36154517,366457188,50.34000015258789,20210125,100.0,315247,4462552,0,0.0,0,0.0,0.0
20210122,0,131500,132000,128500,128500,-3000,3927767,511060000000,2200265,728002000,93548257000000,72800236,36243214,365570221,50.220001220703125,20210122,100.0,-890441,4147305,0,0.0,0,0.0,0.0
20210121,0,131500,133000,130000,131500,1000,3067677,402668000000,1603483,728002000,95732263000000,72800236,36281016,365192204,50.15999984741211,20210121,100.0,-253262,5037746,0,0.0,0,0.0,0.0
20210120,0,134000,135000,130000,130500,0,4913282,649021000000,2363943,728002000,95004261000000,72800236,36304310,364959260,50.130001068115234,20210120,100.0,-62336,5291008,0,0.0,0,0.0,0.0
20210119,0,131000,132000,128500,130500,500,4513315,589182000000,2129014,728002000,95004261000000,72800236,36283777,365164589,50.15999984741211,20210119,100.0,308219,5353344,0,0.0,0,0.0,0.0
20210118,0,126000,131000,125000,130000,2500,5927419,758360000000,2740643,728002000,94640260000000,72800236,36250272,365499637,50.209999084472656,20210118,100.0,187563,5045125,0,0.0,0,0.0,0.0
20210115,0,133000,135000,127000,127500,-3000,4838114,627291000000,2909401,728002000,92820255000000,72800236,36255888,365443482,50.20000076293945,20210115,100.0,-468202,4857562,0,0.0,0,0.0,0.0
20210114,0,132500,133000,129000,130500,-2500,5380278,702426000000,2401720,728002000,95004261000000,72800236,36253384,365468524,50.20000076293945,20210114,100.0,-364911,5325764,0,0.0,0,0.0,0.0
20210113,0,129000,133500,128500,133000,4000,6791044,891281000000,3266615,728002000,96824266000000,72800236,36240407,365598288,50.220001220703125,20210113,100.0,-230600,5690675,0,0.0,0,0.0,0.0
20210112,0,132000,133500,125500,129000,-4000,8700877,1121945000000,4955197,728002000,93912258000000,72800236,36397338,364028977,50.0,20210112,100.0,-828802,5921275,0,0.0,0,0.0,0.0
20210111,0,138000,140000,131000,133000,-5000,11154671,1509734000000,6348784,728002000,96824266000000,72800236,36376740,364234962,50.029998779296875,20210111,100.0,-1854559,6750077,0,0.0,0,0.0,0.0
20210108,0,136000,138000,132500,138000,3500,8713010,1181149000000,4497376,728002000,100464276000000,72800236,36333852,364663842,50.09000015258789,20210108,100.0,-1325871,8604636,0,0.0,0,0.0,0.0
20210107,0,132500,137500,131500,134500,3500,5981299,810153000000,2567282,728002000,97916269000000,72800236,36388107,364121286,50.02000045776367,20210107,100.0,502308,9930507,0,0.0,0,0.0,0.0
20210106,0,132500,137000,130000,131000,500,8525749,1132130000000,4403855,728002000,95368262000000,72800236,36391971,364082648,50.0099983215332,20210106,100.0,-1042075,9428199,0,0.0,0,0.0,0.0
20210105,0,124500,132500,124000,130500,4500,7180224,920711000000,3205415,728002000,95004261000000,72800236,36464352,363358844,49.90999984741211,20210105,100.0,-93706,10470274,0,0.0,0,0.0,0.0
20210104,0,124500,128000,120500,126000,7500,7995016,994277000000,3092255,728002000,91728252000000,72800236,36486120,363141164,49.880001068115234,20210104,100.0,694357,10563980,0,0.0,0,0.0,0.0
20201230,0,116000,118500,114500,118500,2500,4195192,489962000000,1698040,728002000,86268237000000,72800236,36604053,361961830,49.720001220703125,20201230,100.0,-482927,9869623,0,0.0,0,0.0,0.0
20201229,0,118000,118500,114000,116000,500,4208916,488462000000,2362103,728002000,84448232000000,72800236,36657881,361423548,49.650001525878906,20201229,100.0,-1362533,10352550,0,0.0,0,0.0,0.0
20201228,0,119000,119500,115000,115500,-2500,4825132,567198000000,2596003,728002000,84084231000000,72800236,36631862,361683744,49.68000030517578,20201228,100.0,492442,11715083,0,0.0,0,0.0,0.0
20201224,0,116000,118500,115500,118000,2000,3486636,409772000000,1413145,728002000,85904236000000,72800236,36605901,361943349,49.720001220703125,20201224,100.0,571970,11222641,0,0.0,0,0.0,0.0
20201223,0,113000,116000,112500,116000,3500,3173156,363208000000,1090449,728002000,84448232000000,72800236,36564549,362356875,49.77000045776367,20201223,100.0,247327,10650671,0,0.0,0,0.0,0.0
20201222,0,115000,115500,112500,112500,-3500,4270842,485296000000,2476412,728002000,81900225000000,72800236,36530873,362693631,49.81999969482422,20201222,100.0,-201090,10403344,0,0.0,0,0.0,0.0
20201221,0,118000,118000,114500,116000,-2500,3585805,414707000000,2023703,728002000,84448232000000,72800236,36527003,362732328,49.83000183105469,20201221,100.0,-287953,10604434,0,0.0,0,0.0,0.0
20201218,0,118500,119000,117500,118500,-1000,3010798,355948000000,1257735,728002000,86268237000000,72800236,36532731,362675052,49.81999969482422,20201218,100.0,-46541,10892387,0,0.0,0,0.0,0.0
20201217,0,118500,119500,117000,119500,2000,3649945,432270000000,1375348,728002000,86996239000000,72800236,36511791,362884454,49.849998474121094,20201217,100.0,222984,10938928,0,0.0,0,0.0,0.0
20201216,0,119000,119500,117000,117500,0,2213552,260553000000,1192752,728002000,85540235000000,72800236,36548147,362520894,49.79999923706055,20201216,100.0,13303,10715944,0,0.0,0,0.0,0.0
20201215,0,118500,118500,115000,117500,500,2755902,321350000000,1364651,728002000,85540235000000,72800236,36539686,362605503,49.810001373291016,20201215,100.0,59058,10702641,0,0.0,0,0.0,0.0
20201214,0,116000,119000,115500,117000,1500,3066761,359109000000,1297344,728002000,85176234000000,72800236,36540563,362596728,49.810001373291016,20201214,100.0,-151398,10643583,0,0.0,0,0.0,0.0
20201211,0,118000,118000,115000,115500,-1000,3944552,458289000000,2266914,728002000,84084231000000,72800236,36568414,362318216,49.77000045776367,20201211,100.0,-64007,10794981,0,0.0,0,0.0,0.0
20201210,0,117000,118500,115500,116500,-4000,8205744,959915000000,3510339,728002000,84812233000000,72800236,36500167,363000695,49.86000061035156,20201210,100.0,-3140,10858988,0,0.0,0,0.0,0.0
20201209,0,116000,121000,115000,120500,5500,5490760,651045000000,1966235,728002000,87724241000000,72800236,36233531,365667049,50.22999954223633,20201209,100.0,205046,10862128,0,0.0,0,0.0,0.0
20201208,0,118000,118000,114000,115000,-3000,4536460,524961000000,2529269,728002000,83720230000000,72800236,36212859,365873774,50.2599983215332,20201208,100.0,-392219,10657082,0,0.0,0,0.0,0.0
20201207,0,118500,120000,116000,118000,3000,5191354,613379000000,2508891,728002000,85904236000000,72800236,36196113,366041228,50.279998779296875,20201207,100.0,-454583,11049301,0,0.0,0,0.0,0.0
20201204,0,116000,119500,112500,115000,3500,8258814,958025000000,3763119,728002000,83720230000000,72800236,36050645,367495913,50.47999954223633,20201204,100.0,-210667,11503884,0,0.0,0,0.0,0.0
20201203,0,110500,114500,109000,111500,2500,6617912,735574000000,2943105,728002000,81172223000000,72800236,36089179,367110569,50.43000030517578,20201203,100.0,-307816,11714551,0,0.0,0,0.0,0.0
20201202,0,103000,109500,103000,109000,8500,7488361,803615000000,2672275,728002000,79352218000000,72800236,36093644,367065919,50.41999816894531,20201202,100.0,409602,12022367,0,0.0,0,0.0,0.0
20201201,0,98600,101500,97800,100500,3000,4455519,446056000000,1679665,728002000,73164201000000,72800236,36252510,365477264,50.20000076293945,20201201,100.0,657667,11612765,0,0.0,0,0.0,0.0
20201130,0,99700,99800,97300,97500,-1300,3877841,379628000000,1233792,728002000,70980195000000,72800236,36310195,364900412,50.119998931884766,20201130,100.0,202385,10955098,0,0.0,0,0.0,0.0
20201127,0,99600,99900,98200,98800,-600,1976047,195380000000,974232,728002000,71926597000000,72800236,36245274,365549622,50.209999084472656,20201127,100.0,-249592,10752713,0,0.0,0,0.0,0.0
20201126,0,96800,99500,96300,99400,2200,2933290,288277000000,1260143,728002000,72363398000000,72800236,36249949,365502868,50.209999084472656,20201126,100.0,-113940,11002305,0,0.0,0,0.0,0.0
20201125,0,100500,100500,96300,97200,-1400,4081524,400556000000,2290991,728002000,70761794000000,72800236,36283154,365170816,50.15999984741211,20201125,100.0,-196658,11116245,0,0.0,0,0.0,0.0
20201124,0,101000,102000,98300,98600,-1400,3766043,375182000000,1925205,728002000,71780997000000,72800236,36253273,365469632,50.20000076293945,20201124,100.0,-408091,11312903,0,0.0,0,0.0,0.0
20201123,0,97300,101000,96600,100000,3200,4149013,413916000000,1726157,728002000,72800200000000,72800236,36262002,365382342,50.189998626708984,20201123,100.0,199828,11720994,0,0.0,0,0.0,0.0
20201120,0,99000,99000,96800,96800,-1400,2424003,236121000000,1274815,728002000,70470593000000,72800236,36351955,364482808,50.06999969482422,20201120,100.0,-246482,11521166,0,0.0,0,0.0,0.0
20201119,0,96200,98300,96000,98200,200,2766688,269481000000,1397304,728002000,71489796000000,72800236,36324819,364754173,50.099998474121094,20201119,100.0,-396416,11767648,0,0.0,0,0.0,0.0
20201118,0,99800,100500,96600,98000,-100,3734037,366663000000,1829858,728002000,71344196000000,72800236,36365720,364345156,50.04999923706055,20201118,100.0,-83365,12164064,0,0.0,0,0.0,0.0
20201117,0,97400,99600,96500,98100,100,5218295,513426000000,2403169,728002000,71416996000000,72800236,36397209,364030269,50.0,20201117,100.0,41409,12247429,0,0.0,0,0.0,0.0
20201116,0,92100,98100,91100,98000,8300,9274278,885204000000,3048012,728002000,71344196000000,72800236,36494488,363057482,49.869998931884766,20201116,100.0,427571,12206020,0,0.0,0,0.0,0.0
20201113,0,88100,90000,87500,89700,1600,3774278,337060000000,1470543,728002000,65301779000000,72800236,36816016,359842203,49.43000030517578,20201113,100.0,440091,11778449,0,0.0,0,0.0,0.0
20201112,0,87600,88400,87000,88100,1100,4006433,351888000000,1508433,728002000,64136976000000,72800236,36913121,358871152,49.29999923706055,20201112,100.0,-274357,11338358,0,0.0,0,0.0,0.0
20201111,0,86100,87200,85900,87000,500,2638617,229020000000,1349994,728002000,63336174000000,72800236,37054938,357452978,49.099998474121094,20201111,100.0,158675,11612715,0,0.0,0,0.0,0.0
20201110,0,86900,87200,85900,86500,500,2849783,246334000000,1405640,728002000,62972173000000,72800236,37098728,357015078,49.040000915527344,20201110,100.0,-582854,11454040,0,0.0,0,0.0,0.0
20201109,0,86500,87300,85600,86000,-300,2444330,211176000000,1310104,728002000,62608172000000,72800236,37188441,356117950,48.91999816894531,20201109,100.0,-207281,12036894,0,0.0,0,0.0,0.0
20201106,0,86500,87700,86000,86300,200,2863808,247945000000,1267732,728002000,62826572000000,72800236,37210321,355899154,48.88999938964844,20201106,100.0,218184,12244175,0,0.0,0,0.0,0.0
20201105,0,84100,86200,83300,86100,2900,4082325,348614000000,1567272,728002000,62680972000000,72800236,37277458,355227779,48.790000915527344,20201105,100.0,850844,12025991,0,0.0,0,0.0,0.0
20201104,0,82100,84400,81200,83200,1800,3782296,313472000000,1394956,728002000,60569766000000,72800236,37368202,354320339,48.66999816894531,20201104,100.0,696626,11175147,0,0.0,0,0.0,0.0
20201103,0,79600,81400,79600,81400,1800,2057723,166104000000,825287,728002000,59259362000000,72800236,37391619,354086175,48.63999938964844,20201103,100.0,423481,10478521,0,0.0,0,0.0,0.0
20201102,0,80200,80600,79200,79600,-300,2000394,159651000000,934270,728002000,57948959000000,72800236,37350780,354494562,48.689998626708984,20201102,100.0,66577,10055040,0,0.0,0,0.0,0.0
20201030,0,81600,82100,79900,79900,-1800,2710477,219065000000,1358669,728002000,58167359000000,72800236,37288100,355121364,48.779998779296875,20201030,100.0,-345992,9988463,0,0.0,0,0.0,0.0
20201029,0,81900,82400,81000,81700,-1200,2637314,214753000000,1330947,728002000,59477763000000,72800236,37258795,355414408,48.81999969482422,20201029,100.0,-529213,10334455,0,0.0,0,0.0,0.0
20201028,0,82100,83600,82000,82900,300,1773556,146796000000,789824,728002000,60351365000000,72800236,37241825,355584110,48.84000015258789,20201028,100.0,-222015,10863668,0,0.0,0,0.0,0.0
20201027,0,82300,83400,81800,82600,-600,2265817,187252000000,1095361,728002000,60132965000000,72800236,37254968,355452680,48.83000183105469,20201027,100.0,-563302,11085683,0,0.0,0,0.0,0.0
20201026,0,84300,84700,83000,83200,-700,1662847,139286000000,802971,728002000,60569766000000,72800236,37280190,355200458,48.790000915527344,20201026,100.0,20543,11648985,0,0.0,0,0.0,0.0
20201023,0,82800,84700,82300,83900,600,2609595,218628000000,1235799,728002000,61079367000000,72800236,37266980,355332557,48.810001373291016,20201023,100.0,279198,11628442,0,0.0,0,0.0,0.0
